transaction_id,account_id,customer_id,loan_id,debit_order_id,installment_number,transaction_date,transaction_time,amount,debit_credit,status,failure_reason,description,immediate_payment,receiving_account,transaction_cost,ewallet_number,channel,loan_type,payment_type,is_recovery_attempt,source_system,has_data_error,data_error_types
TXNL201900000001,ACC0001282,IND19007129,LN2019010000002,,1,2019-02-14,02:53:41,1592.74,Debit,Completed,,Loan Payment - LN2019010000002,False,,2.5,,Automated,Home Loan,standard_payment,False,loan_payment_generator,False,
TXNL201900000002,ACC0000071,IND19001466,LN2019010000009,,1,2019-02-28,02:24:34,2024.12,Debit,Completed,,Loan Payment - LN2019010000009,False,,2.5,,Automated,Home Loan,standard_payment,False,loan_payment_generator,False,
TXNL201900000003,ACC0001490,IND19011784,LN2019010000010,,1,2019-02-23,02:01:44,2454.22,Debit,Failed,insufficient_funds,Loan Payment - LN2019010000010,False,,2.5,,Automated,Home Loan,standard_payment,False,loan_payment_generator,False,
TXNL201900000004,ACC0000278,IND19005139,LN2019010000015,LDO20190000001,1,2019-02-28,04:48:21,2472.86,Debit,Completed,,Loan Payment - LN2019010000015,False,,1.07,,Automated,Vehicle Loan,standard_payment,False,loan_payment_generator,False,
TXNL201900000005,ACC0000597,IND19000749,LN2019010000017,LDO20190000001,1,2019-02-22,03:44:53,1458.14,Debit,Completed,,Loan Payment - LN2019010000017,False,,0.02,,Automated,Home Loan,standard_payment,False,loan_payment_generator,False,
TXNL201900000006,ACC0000731,IND19012784,LN2019010000018,,1,2019-02-28,04:10:19,4603.72,Debit,Completed,,Loan Payment - LN2019010000018,False,,2.5,,Automated,Home Loan,standard_payment,False,loan_payment_generator,False,
TXNL201900000007,ACC0000999,IND19000704,LN2019010000021,,1,2019-02-28,03:20:24,1106.27,Debit,Completed,,Loan Payment - LN2019010000021,False,,2.5,,Automated,Home Loan,standard_payment,False,loan_payment_generator,False,
TXNL201900000008,ACC0000362,IND19010400,LN2019010000034,,1,2019-02-20,07:57:44,1585.16,Debit,Completed,,Loan Payment - LN2019010000034,False,,2.5,,Online,Home Loan,standard_payment,False,loan_payment_generator,False,
TXNL201900000009,ACC0000661,IND19013332,LN2019010000040,,1,2019-02-25,07:58:45,3565.48,Debit,Completed,,Loan Payment - LN2019010000040,False,,2.5,,Mobile,Personal Loan,standard_payment,False,loan_payment_generator,False,
TXNL201900000010,ACC0000361,IND19010400,LN2019010000048,,1,2019-02-28,03:19:31,990.52,Debit,Completed,,Loan Payment - LN2019010000048,False,,2.5,,Automated,Personal Loan,standard_payment,False,loan_payment_generator,False,
TXNL201900000011,ACC0000305,IND19009608,LN2019010000064,,1,2019-02-15,06:37:54,2594.15,Debit,Completed,,Loan Payment - LN2019010000064,False,,2.5,,Online,Personal Loan,standard_payment,False,loan_payment_generator,False,
TXNL201900000012,ACC0000093,IND19006568,LN2019010000071,LDO20190000002,1,2019-02-13,03:22:40,1850.78,Debit,Completed,,Loan Payment - LN2019010000071,False,,0.51,,Automated,Home Loan,standard_payment,False,loan_payment_generator,False,
TXNL201900000013,ACC0000412,IND19013952,LN2019010000075,,1,2019-02-28,02:33:06,3629.72,Debit,Completed,,Loan Payment - LN2019010000075,False,,2.5,,Automated,Vehicle Loan,standard_payment,False,loan_payment_generator,False,
TXNL201900000014,ACC0000227,IND19010979,LN2019010000078,LDO20190000002,1,2019-02-13,02:24:56,686.25,Debit,Completed,,Loan Payment - LN2019010000078,False,,1.12,,Automated,Vehicle Loan,standard_payment,False,loan_payment_generator,False,
TXNL201900000015,ACC0000895,IND19014589,LN2019010000089,LDO20190000003,1,2019-02-28,02:57:44,1496.91,Debit,Completed,,Loan Payment - LN2019010000089,False,,0.75,,Automated,Vehicle Loan,standard_payment,False,loan_payment_generator,False,
TXNL201900000016,ACC0001088,IND19010913,LN2019010000094,,1,2019-02-20,02:31:19,27702.74,Debit,Completed,,Loan Payment - LN2019010000094,False,,2.5,,Automated,Personal Loan,standard_payment,False,loan_payment_generator,False,
TXNL201900000017,ACC0001439,IND19009694,LN2019010000095,,1,2019-02-18,02:40:19,1221.56,Debit,Completed,,Loan Payment - LN2019010000095,False,,2.5,,Automated,Vehicle Loan,standard_payment,False,loan_payment_generator,False,
TXNL201900000018,ACC0000263,IND19010479,LN2019010000097,LDO20190000005,1,2019-02-14,02:17:01,5630.01,Debit,Completed,,Loan Payment - LN2019010000097,False,,0.42,,Automated,Home Loan,standard_payment,False,loan_payment_generator,False,
TXNL201900000019,ACC0000410,IND19006375,LN2019010000101,LDO20190000006,1,2019-02-22,03:06:28,907.14,Debit,Completed,,Loan Payment - LN2019010000101,False,,0.09,,Automated,Home Loan,standard_payment,False,loan_payment_generator,False,
TXNL201900000020,ACC0000187,IND19005404,LN2019010000103,LDO20190000003,1,2019-02-28,04:50:04,1397.88,Debit,Completed,,Loan Payment - LN2019010000103,False,,1.32,,Automated,Home Loan,standard_payment,False,loan_payment_generator,False,
TXNL201900000021,ACC0000901,IND19009242,LN2019010000104,LDO20190000004,1,2019-02-28,03:20:07,2070.51,Debit,Completed,,Loan Payment - LN2019010000104,False,,1.92,,Automated,Personal Loan,standard_payment,False,loan_payment_generator,False,
TXNL201900000022,ACC0000365,IND19005374,LN2019010000112,,1,2019-02-20,03:29:33,9497.71,Debit,Completed,,Loan Payment - LN2019010000112,False,,2.5,,Online,Home Loan,standard_payment,False,loan_payment_generator,False,
TXNL201900000023,ACC0000066,IND19000708,LN2019010000114,LDO20190000007,1,2019-02-24,03:21:25,3062.01,Debit,Completed,,Loan Payment - LN2019010000114,False,,0.31,,Automated,Vehicle Loan,standard_payment,False,loan_payment_generator,False,
TXNL201900000024,ACC0000041,IND19003405,LN2019010000118,LDO20190000008,1,2019-02-11,04:34:09,1317.23,Debit,Completed,,Loan Payment - LN2019010000118,False,,1.75,,Automated,Vehicle Loan,standard_payment,False,loan_payment_generator,False,
TXNL201900000025,ACC0000726,IND19012497,LN2019010000124,LDO20190000011,1,2019-02-13,03:41:07,200.9,Debit,Completed,,Loan Payment - LN2019010000124 - Partial,False,,1.28,,Automated,Home Loan,partial_payment,False,loan_payment_generator,False,
TXNL201900000026,ACC0000959,IND19007081,LN2019010000129,LDO20190000012,1,2019-02-14,02:36:39,1082.28,Debit,Completed,,Loan Payment - LN2019010000129,False,,1.68,,Automated,Vehicle Loan,standard_payment,False,loan_payment_generator,False,
TXNL201900000027,ACC0000642,IND19009914,LN2019010000142,LDO20190000013,1,2019-02-24,03:17:48,740.28,Debit,Completed,,Loan Payment - LN2019010000142,False,,1.57,,Automated,Vehicle Loan,standard_payment,False,loan_payment_generator,False,
TXNL201900000028,ACC0001601,IND19014936,LN2019010000149,LDO20190000005,1,2019-02-13,02:28:07,1342.76,Debit,Completed,,Loan Payment - LN2019010000149,False,,0.34,,Automated,Vehicle Loan,standard_payment,False,loan_payment_generator,False,
TXNL201900000029, ACC0000615 ,IND19010153,LN2019010000152,LDO20190000014,1,2019-02-20,03:24:15,3016.9,Debit,Completed,,Loan Payment - LN2019010000152,False,,1.0,,Automated,Home Loan,standard_payment,False,loan_payment_generator,True,whitespace_in_id
TXNL201900000030,ACC0001661,COM19000313,LN2019010000156,LDO20190000006,1,2019-02-14,03:10:04,4855.01,Debit,Completed,,Loan Payment - LN2019010000156,False,,1.05,,Automated,Business Loan,standard_payment,False,loan_payment_generator,False,
TXNL201900000031,ACC0000626,IND19000516,LN2019010000160,,1,2019-02-27,04:57:54,2189.1,Debit,Completed,,Loan Payment - LN2019010000160,False,,2.5,,Automated,Home Loan,standard_payment,False,loan_payment_generator,False,
TXNL201900000032,ACC0001092,IND19002621,LN2019010000162,LDO20190000015,1,2019-02-27,04:49:27,1579.38,Debit,Completed,,Loan Payment - LN2019010000162,False,,0.32,,Automated,Vehicle Loan,standard_payment,False,loan_payment_generator,False,
TXNL201900000033,ACC0001482,IND19001446,LN2019010000169,LDO20190000016,1,2019-02-26,04:24:21,1384.01,Debit,Completed,,Loan Payment - LN2019010000169,False,,0.31,,Automated,Vehicle Loan,standard_payment,False,loan_payment_generator,False,
TXNL201900000034,ACC0000544,IND19004718,LN2019010000182,,1,2019-02-22,03:48:41,3538.33,Debit,Completed,,Loan Payment - LN2019010000182,False,,2.5,,Automated,Vehicle Loan,standard_payment,False,loan_payment_generator,False,
TXNL201900000035,ACC0001221,IND19011832,LN2019010000190,LDO20190000017,1,2019-02-15,02:40:47,5061.94,Debit,Completed,,Loan Payment - LN2019010000190,False,,1.29,,Automated,Home Loan,standard_payment,False,loan_payment_generator,False,
TXNL201900000036,ACC0000233,IND19001157,LN2019010000192,,1,2019-02-16,03:48:06,3022.14,Debit,Completed,,Loan Payment - LN2019010000192,False,,2.5,,Automated,Vehicle Loan,standard_payment,False,loan_payment_generator,False,
TXNL201900000037,ACC0000224,IND19008065,LN2019010000206,LDO20190000007,1,2019-02-14,03:17:26,1575.25,Debit,Completed,,Loan Payment - LN2019010000206,False,,0.94,,Automated,Vehicle Loan,standard_payment,False,loan_payment_generator,False,
TXNL201900000038,ACC0001568,IND19016231,LN2019010000212,LDO20190000008,1,2019-02-28,03:12:56,2892.9,Debit,Completed,,Loan Payment - LN2019010000212,False,,0.75,,Automated,Personal Loan,standard_payment,False,loan_payment_generator,False,
TXNL201900000039,ACC0000708,IND19015529,LN2019010000217,LDO20190000018,1,2019-02-27,02:49:27,1520.07,Debit,Completed,,Loan Payment - LN2019010000217,False,,1.03,,Automated,Home Loan,standard_payment,False,loan_payment_generator,False,
TXNL201900000040,ACC0001510,IND19016623,LN2019010000221,LDO20190000019,1,2019-02-19,02:53:53,4093.97,Debit,Completed,,Loan Payment - LN2019010000221,False,,1.18,,Automated,Home Loan,standard_payment,False,loan_payment_generator,False,
TXNL201900000041,ACC0000091,IND19012355,LN2019010000228,LDO20190000020,1,2019-02-18,04:25:03,2454.25,Debit,Completed,,Loan Payment - LN2019010000228,False,,0.62,,Automated,Vehicle Loan,standard_payment,False,loan_payment_generator,False,
TXNL201900000042,ACC0001340,IND19008807,LN2019010000234,LDO20190000021,1,2019-02-28,02:05:30,1707.41,Debit,Completed,,Loan Payment - LN2019010000234,False,,1.75,,Automated,Vehicle Loan,standard_payment,False,loan_payment_generator,False,
TXNL201900000043,ACC0001373,IND19006253,LN2019010000235,LDO20190000022,1,2019-02-26,02:17:34,4531.03,Debit,Completed,,Loan Payment - LN2019010000235,False,,1.7,,Automated,Vehicle Loan,standard_payment,False,loan_payment_generator,False,
TXNL201900000044,ACC0001291,IND19005742,LN2019010000238,LDO20190000009,1,2019-02-17,02:42:01,1155.73,Debit,Completed,,Loan Payment - LN2019010000238,False,,1.23,,Automated,Home Loan,standard_payment,False,loan_payment_generator,False,
TXNL201900000045,ACC0000295,IND19012061,LN2019010000258,LDO20190000010,1,2019-02-17,03:25:58,1803.51,Debit,Completed,,Loan Payment - LN2019010000258,False,,1.35,,Automated,Home Loan,standard_payment,False,loan_payment_generator,False,
TXNL201900000046,ACC0000166,IND19004971,LN2019010000260,LDO20190000023,1,2019-02-28,02:11:28,1481.13,Debit,Completed,,Loan Payment - LN2019010000260,False,,1.21,,Automated,Personal Loan,standard_payment,False,loan_payment_generator,False,
TXNL201900000047,ACC0000030,IND19010515,LN2019010000266,LDO20190000011,1,2019-02-25,03:16:45,1516.71,Debit,Completed,,Loan Payment - LN2019010000266,False,,0.58,,Automated,Home Loan,standard_payment,False,loan_payment_generator,False,
TXNL201900000048,ACC0001416,IND19002948,LN2019010000279,LDO20190000012,1,2019-02-10,03:17:02,4691.89,Debit,Completed,,Loan Payment - LN2019010000279,False,,1.39,,Automated,Personal Loan,standard_payment,False,loan_payment_generator,False,
TXNL201900000049,ACC0000115,IND19013155,LN2019010000284,LDO20190000025,1,2019-02-27,02:46:02,1427.41,Debit,Completed,,Loan Payment - LN2019010000284,False,,0.15,,Automated,Home Loan,standard_payment,False,loan_payment_generator,False,
TXNL201900000050,ACC0001420,IND19005575,LN2019010000292,,1,2019-02-15,01:36:43,17242.21,Debit,Completed,,Loan Payment - LN2019010000292,False,,2.5,,Online,Personal Loan,standard_payment,False,loan_payment_generator,False,
TXNL201900000051,ACC0001436,IND19002442,LN2019010000293,LDO20190000013,1,2019-02-27,03:09:02,10757.66,Debit,Completed,,Loan Payment - LN2019010000293,False,,0.46,,Automated,Personal Loan,standard_payment,False,loan_payment_generator,False,
TXNL201900000052,ACC0000701,IND19016305,LN2019010000299,LDO20190000026,1,2019-02-14,07:04:04,2803.82,Debit,Failed,insufficient_funds,Loan Payment - LN2019010000299,False,,0.64,,Automated,Personal Loan,standard_payment,False,loan_payment_generator,True,timestamp_shift
TXNL201900000053,ACC0001255,IND19002467,LN2019010000300,,1,2019-02-18,03:36:59,2816.5,Debit,Completed,,Loan Payment - LN2019010000300,False,,2.5,,Automated,Personal Loan,standard_payment,False,loan_payment_generator,False,
TXNL201900000054,ACC0000938,IND19013886,LN2019010000306,LDO20190000014,1,2019-02-27,04:01:15,2472.35,Debit,Completed,,Loan Payment - LN2019010000306,False,,0.75,,Automated,Personal Loan,standard_payment,False,loan_payment_generator,False,
TXNL201900000055,ACC0000656,IND19013092,LN2019010000312,,1,2019-02-11,04:47:59,2684.1,Debit,Completed,,Loan Payment - LN2019010000312 - Late Fee,False,,2.5,,Automated,Home Loan,late_payment,False,loan_payment_generator,False,
TXNL201900000056,ACC0000456,IND19006712,LN2019010000324,,1,2019-02-28,02:36:15,577.1,Debit,Completed,,Loan Payment - LN2019010000324,False,,2.5,,Automated,Home Loan,standard_payment,False,loan_payment_generator,False,
TXNL201900000057,ACC0001167,IND19004585,LN2019010000343,LDO20190000028,1,2019-02-28,02:42:41,2426.09,Debit,Completed,,Loan Payment - LN2019010000343,False,,1.05,,Automated,Home Loan,standard_payment,False,loan_payment_generator,False,
TXNL201900000058,ACC0000213,IND19003541,LN2019010000347,LDO20190000015,1,2019-02-11,04:06:02,1164.39,Debit,Completed,,Loan Payment - LN2019010000347,False,,1.57,,Automated,Vehicle Loan,standard_payment,False,loan_payment_generator,False,
TXNL201900000059,ACC0000060,IND19004334,LN2019010000350,LDO20190000029,1,2019-02-14,02:51:47,1643.06,Debit,Completed,,Loan Payment - LN2019010000350,False,,1.21,,Automated,Home Loan,standard_payment,False,loan_payment_generator,False,
TXNL201900000060,ACC0001358,IND19015137,LN2019010000368,LDO20190000032,1,2019-02-17,02:44:43,906.4,Debit,Completed,,Loan Payment - LN2019010000368,False,,0.34,,Automated,Home Loan,standard_payment,False,loan_payment_generator,False,
TXNL201900000061,ACC0000732,IND19013668,LN2019010000386,LDO20190000035,1,2019-02-16,02:00:10,5822.18,Debit,Completed,,Loan Payment - LN2019010000386,False,,0.31,,Automated,Home Loan,standard_payment,False,loan_payment_generator,False,
TXNL201900000062,ACC0001449,IND19011707,LN2019010000388,LDO20190000037,1,2019-02-15,04:01:43,6175.98,Debit,Completed,,Loan Payment - LN2019010000388 - Extra Principal,False,,1.51,,Automated,Home Loan,extra_payment,False,loan_payment_generator,False,
TXNL201900000063,ACC0001571,IND19015093,LN2019010000404,LDO20190000039,1,2019-02-20,02:00:57,3640.07,Debit,Completed,,Loan Payment - LN2019010000404,False,,0.31,,Automated,Vehicle Loan,standard_payment,False,loan_payment_generator,False,
TXNL201900000064,ACC0000724,IND19005518,LN2019010000406,LDO20190000040,1,2019-02-28,04:07:37,2062.72,Debit,Completed,,Loan Payment - LN2019010000406,False,,0.92,,Automated,Home Loan,standard_payment,False,loan_payment_generator,False,
TXNL201900000065,ACC0000669,IND19015013,LN2019010000408,LDO20190000041,1,2019-02-21,03:24:01,4235.65,Debit,Failed,invalid_account_details,Loan Payment - LN2019010000408,False,,1.11,,Automated,Personal Loan,standard_payment,False,loan_payment_generator,False,
TXNL201900000066,ACC0000392,IND19006420,LN2019010000422,LDO20190000016,1,2019-02-14,03:26:38,3242.75,Debit,Completed,,Loan Payment - LN2019010000422,False,,0.95,,Automated,Personal Loan,standard_payment,False,loan_payment_generator,False,
TXNL201900000067,ACC0000677,IND19014762,LN2019010000450,LDO20190000042,1,2019-02-23,03:04:46,2083.6,Debit,Completed,,Loan Payment - LN2019010000450,False,,1.43,,Automated,Home Loan,standard_payment,False,loan_payment_generator,False,
TXNL201900000068,ACC0001668,COM19000073,LN2019010000455,LDO20190000017,1,2019-02-27,03:42:49,14981.17,Debit,Completed,,Loan Payment - LN2019010000455,False,,1.21,,Automated,Business Loan,standard_payment,False,loan_payment_generator,False,
TXNL201900000069,ACC0000769,IND19003379,LN2019010000462,,1,2019-02-19,04:26:02,1029.76,Debit,Completed,,Loan Payment - LN2019010000462,False,,2.5,,Automated,Home Loan,standard_payment,False,loan_payment_generator,False,
TXNL201900000070,ACC0000639,IND19007802,LN2019010000464,LDO20190000043,1,2019-02-26,04:07:45,2991.38,Debit,Completed,,Loan Payment - LN2019010000464,False,,1.93,,Automated,Home Loan,standard_payment,False,loan_payment_generator,False,
TXNL201900000071,ACC0000029,IND19014833,LN2019010000478,LDO20190000044,1,2019-02-28,02:27:20,1635.7,Debit,Completed,,Loan Payment - LN2019010000478,False,,1.32,,Automated,Home Loan,standard_payment,False,loan_payment_generator,False,
TXNL201900000072,ACC0000155,IND19004807,LN2019010000506,LDO20190000019,1,2019-02-22,03:23:48,1750.32,Debit,Completed,,Loan Payment - LN2019010000506,False,,1.27,,Automated,Personal Loan,standard_payment,False,loan_payment_generator,False,
TXNL201900000073,ACC0001365,IND19015299,LN2019010000510,LDO20190000045,1,2019-02-18,04:00:03,305.32,Debit,Completed,,Loan Payment - LN2019010000510,False,,0.78,,Automated,Home Loan,standard_payment,False,loan_payment_generator,False,
TXNL201900000074,ACC0000964,IND19014388,LN2019010000542,LDO20190000048,1,2019-02-10,02:37:32,2668.1,Debit,Completed,,Loan Payment - LN2019010000542,False,,1.47,,Automated,Home Loan,standard_payment,False,loan_payment_generator,False,
TXNL201900000075,ACC0000932,IND19008584,LN2019010000557,LDO20190000049,1,2019-02-28,03:23:26,3493.79,Debit,Completed,,Loan Payment - LN2019010000557,False,,1.75,,Automated,Home Loan,standard_payment,False,loan_payment_generator,False,
TXNL201900000076,ACC0001001,IND19005012,LN2019010000562,LDO20190000050,1,2019-02-21,02:54:10,1563.13,Debit,Completed,,Loan Payment - LN2019010000562,False,,0.47,,Automated,Home Loan,standard_payment,False,loan_payment_generator,False,
TXNL201900000077,ACC0001173,IND19009154,LN2019010000564,LDO20190000051,1,2019-02-20,03:36:33,1118.46,Debit,Completed,,Loan Payment - LN2019010000564,False,,0.4,,Automated,Personal Loan,standard_payment,False,loan_payment_generator,False,
TXNL201900000078,ACC0001267,IND19012469,LN2019010000566,LDO20190000052,1,2019-02-23,02:46:06,1437.67,Debit,Completed,,Loan Payment - LN2019010000566,False,,1.23,,Automated,Home Loan,standard_payment,False,loan_payment_generator,False,
TXNL201900000079,ACC0001556,IND19015946,LN2019010000568,LDO20190000053,1,2019-02-17,04:58:02,4858.36,Debit,Completed,,Loan Payment - LN2019010000568,False,,1.17,,Automated,Personal Loan,standard_payment,False,loan_payment_generator,False,
TXNL201900000080,ACC0000607,IND19001644,LN2019010000574,LDO20190000054,1,2019-02-10,02:54:17,1656.14,Debit,Completed,,Loan Payment - LN2019010000574,False,,1.47,,Automated,Home Loan,standard_payment,False,loan_payment_generator,False,
TXNL201900000081,ACC0000229,IND19003127,LN2019010000592,LDO20190000020,1,2019-02-23,04:59:35,3882.22,Debit,Completed,,Loan Payment - LN2019010000592,False,,1.67,,Automated,Home Loan,standard_payment,False,loan_payment_generator,False,
TXNL201900000082,ACC0001644,COM19000369,LN2019010000594,LDO20190000056,1,2019-02-14,04:37:33,2023.43,Debit,Completed,,Loan Payment - LN2019010000594,False,,1.65,,Automated,Business Loan,standard_payment,False,loan_payment_generator,False,
TXNL201900000083,ACC0000975,IND19015550,LN2019010000601,LDO20190000057,1,2019-02-11,04:36:20,1295.89,Debit,Completed,,Loan Payment - LN2019010000601,False,,1.84,,Automated,Vehicle Loan,standard_payment,False,loan_payment_generator,False,
TXNL201900000084,ACC0000593,IND19002980,LN2019010000612,LDO20190000022,1,2019-02-13,04:17:00,1141.67,Debit,Completed,,Loan Payment - LN2019010000612,False,,1.59,,Automated,Vehicle Loan,standard_payment,False,loan_payment_generator,False,
TXNL201900000085,ACC0001156,IND19014489,LN2019010000629,LDO20190000023,1,2019-02-25,02:58:00,2104.45,Debit,Completed,,Loan Payment - LN2019010000629,False,,1.9,,Automated,Personal Loan,standard_payment,False,loan_payment_generator,False,
TXNL201900000086,ACC0001163,IND19009831,LN2019010000642,LDO20190000060,1,2019-02-19,04:33:53,3065.78,Debit,Failed,bank_timeout,Loan Payment - LN2019010000642,False,,0.74,,Automated,Vehicle Loan,standard_payment,False,loan_payment_generator,False,
TXNL201900000087,ACC0000116,IND19013155,LN2019010000644,LDO20190000061,1,2019-02-17,03:05:20,449.28,Debit,Completed,,Loan Payment - LN2019010000644,False,,0.33,,Automated,Home Loan,standard_payment,False,loan_payment_generator,False,
TXNL201900000088,ACC0001128,IND19005846,LN2019010000646,LDO20190000062,1,2019-02-13,04:55:27,641.97,Debit,Completed,,Loan Payment - LN2019010000646,False,,1.81,,Automated,Home Loan,standard_payment,False,loan_payment_generator,False,
TXNL201900000089,ACC0000739,IND19008202,LN2019010000648,,1,2019-02-23,03:01:48,2393.26,Debit,Completed,,Loan Payment - LN2019010000648,False,,2.5,,Automated,Vehicle Loan,standard_payment,False,loan_payment_generator,False,
TXNL201900000090,ACC0000774,IND19000369,LN2019010000659,LDO20190000063,1,2019-02-10,04:52:27,2156.62,Debit,Completed,,Loan Payment - LN2019010000659,False,,1.19,,Automated,Home Loan,standard_payment,False,loan_payment_generator,False,
TXNL201900000091,ACC0000118,IND19007840,LN2019010000664,LDO20190000024,1,2019-02-19,02:10:28,538.8,Debit,Completed,,Loan Payment - LN2019010000664 - Late Fee,False,,0.26,,Automated,Home Loan,late_payment,False,loan_payment_generator,False,
TXNL201900000092,ACC0000105,IND19015632,LN2019010000674,LDO20190000064,1,2019-02-12,04:33:26,2532.33,Debit,Completed,,Loan Payment - LN2019010000674,False,,0.63,,Automated,Home Loan,standard_payment,False,loan_payment_generator,False,
TXNL201900000093,ACC0000904,IND19010238,LN2019010000678,,1,2019-02-27,02:24:21,1163.77,Debit,Completed,,Loan Payment - LN2019010000678 - Extra Principal,False,,2.5,,Mobile,Home Loan,extra_payment,False,loan_payment_generator,False,
TXNL201900000094,ACC0000076,IND19009052,LN2019010000679,LDO20190000065,1,2019-02-28,03:57:41,538.09,Debit,Completed,,Loan Payment - LN2019010000679,False,,0.43,,Automated,Home Loan,standard_payment,False,loan_payment_generator,False,
TXNL201900000095,ACC0001613,IND19012778,LN2019010000682,LDO20190000066,1,2019-02-19,03:36:36,8350.74,Debit,Completed,,Loan Payment - LN2019010000682,False,,1.01,,Automated,Personal Loan,standard_payment,False,loan_payment_generator,False,
TXNL201900000096,ACC0001369,IND19008338,LN2019010000686,LDO20190000025,1,2019-02-16,02:39:54,1849.77,Debit,Completed,,Loan Payment - LN2019010000686,False,,1.25,,Automated,Vehicle Loan,standard_payment,False,loan_payment_generator,False,
TXNL201900000097,ACC0000268,IND19014141,LN2019010000690,LDO20190000067,1,2019-02-13,04:15:36,1983.74,Debit,Completed,,Loan Payment - LN2019010000690,False,,1.83,,Automated,Vehicle Loan,standard_payment,False,loan_payment_generator,False,
TXNL201900000098,ACC0001013,IND19008033,LN2019010000693,LDO20190000068,1,2019-02-28,02:43:48,1777.39,Debit,Completed,,Loan Payment - LN2019010000693,False,,1.75,,Automated,Vehicle Loan,standard_payment,False,loan_payment_generator,False,
TXNL201900000099,ACC0001012,IND19008033,LN2019010000707,LDO20190000069,1,2019-02-21,04:03:10,3279.17,Debit,Failed,mandate_limit,Loan Payment - LN2019010000707 - Partial,False,,1.5,,Automated,Home Loan,partial_payment,False,loan_payment_generator,False,
TXNL201900000100,ACC0001516,IND19008680,LN2019010000721,LDO20190000071,1,2019-02-20,02:06:42,2387.66,Debit,Completed,,Loan Payment - LN2019010000721,False,,1.91,,Automated,Home Loan,standard_payment,False,loan_payment_generator,False,
TXNL201900000101,ACC0000821,IND19014965,LN2019010000724,,1,2019-02-15,04:34:01,1392.1,Debit,Completed,,Loan Payment - LN2019010000724,False,,2.5,,Automated,Vehicle Loan,standard_payment,False,loan_payment_generator,False,
TXNL201900000102,ACC0000588,IND19011813,LN2019010000727,LDO20190000072,1,2019-02-28,03:28:07,1158.89,Debit,Completed,,Loan Payment - LN2019010000727,False,,1.0,,Automated,Home Loan,standard_payment,False,loan_payment_generator,False,
TXNL201900000103,ACC0000766,IND19001627,LN2019010000750,,1,2019-02-17,04:06:40,5575.99,Debit,Failed,account_blocked,Loan Payment - LN2019010000750,False,,2.5,,Automated,Home Loan,standard_payment,False,loan_payment_generator,False,
TXNL201900000104,ACC0001371,IND19016093,LN2019010000763,LDO20190000074,1,2019-02-27,03:41:22,4166.3,Debit,Completed,,Loan Payment - LN2019010000763,False,,1.92,,Automated,Home Loan,standard_payment,False,loan_payment_generator,False,
TXNL201900000105,ACC0000608,IND19000251,LN2019010000776,LDO20190000026,1,2019-02-28,03:04:11,534.72,Debit,Completed,,Loan Payment - LN2019010000776,False,,0.82,,Automated,Vehicle Loan,standard_payment,False,loan_payment_generator,False,
TXNL201900000106,ACC0000969,IND19014108,LN2019010000780,,1,2019-02-28,03:49:40,3896.87,Debit,Completed,,Loan Payment - LN2019010000780,False,,2.5,,Automated,Home Loan,standard_payment,False,loan_payment_generator,False,
TXNL201900000107,ACC0001628,IND19009273,LN2019010000783,LDO20190000076,1,2019-02-26,03:15:51,1559.06,Debit,Completed,,Loan Payment - LN2019010000783,False,,0.23,,Automated,Vehicle Loan,standard_payment,False,loan_payment_generator,False,
TXNL201900000108,ACC0001479,IND19015112,LN2019010000807,,1,2019-02-28,03:21:47,1896.09,Debit,Completed,,Loan Payment - LN2019010000807,False,,2.5,,Automated,Personal Loan,standard_payment,False,loan_payment_generator,False,
TXNL201900000109,ACC0001468,IND19010490,LN2019010000824,LDO20190000079,1,2019-02-15,02:12:27,3560.48,Debit,Completed,,Loan Payment - LN2019010000824,False,,1.51,,Automated,Vehicle Loan,standard_payment,False,loan_payment_generator,False,
TXNL201900000110,ACC0000845,IND19009812,LN2019010000828,LDO20190000080,1,2019-02-21,04:43:26,1557.11,Debit,Completed,,Loan Payment - LN2019010000828,False,,0.3,,Automated,Home Loan,standard_payment,False,loan_payment_generator,False,
TXNL201900000111,ACC0000163,IND19007764,LN2019010000838,LDO20190000027,1,2019-02-23,03:01:09,1379.8,Debit,Completed,,Loan Payment - LN2019010000838,False,,1.11,,Automated,Home Loan,standard_payment,False,loan_payment_generator,False,
TXNL201900000112,ACC0001296,IND19006088,LN2019010000841,,1,2019-02-22,04:41:13,13864.74,Debit,Completed,,Loan Payment - LN2019010000841,False,,2.5,,Automated,Personal Loan,standard_payment,False,loan_payment_generator,False,
TXNL201900000113,ACC0000145,IND19010296,LN2019010000842,LDO20190000081,1,2019-02-28,04:04:42,1729.34,Debit,Completed,,Loan Payment - LN2019010000842,False,,0.88,,Automated,Personal Loan,standard_payment,False,loan_payment_generator,False,
TXNL201900000114,ACC0001489,IND19006045,LN2019010000856,LDO20190000083,1,2019-02-18,03:57:01,1325.85,Debit,Completed,,Loan Payment - LN2019010000856,False,,1.86,,Automated,Vehicle Loan,standard_payment,False,loan_payment_generator,False,
TXNL201900000115,ACC0001437,IND19003474,LN2019010000866,,1,2019-02-15,03:00:08,2718.8,Debit,Completed,,Loan Payment - LN2019010000866,False,,2.5,,Automated,Personal Loan,standard_payment,False,loan_payment_generator,False,
TXNL201900000116,ACC0000982,IND19010294,LN2019010000869,LDO20190000029,1,2019-02-22,02:54:20,5173.16,Debit,Completed,,Loan Payment - LN2019010000869,False,,0.85,,Automated,Personal Loan,standard_payment,False,loan_payment_generator,False,
TXNL201900000117,ACC0000520,IND19009308,LN2019010000873,LDO20190000030,1,2019-02-22,03:16:56,1240.5,Debit,Completed,,Loan Payment - LN2019010000873,False,,1.44,,Automated,Home Loan,standard_payment,False,loan_payment_generator,False,
TXNL201900000118,ACC0000711,IND19003817,LN2019010000888,LDO20190000084,1,2019-02-12,04:21:06,356.97,Debit,Completed,,Loan Payment - LN2019010000888,False,,1.31,,Automated,Home Loan,standard_payment,False,loan_payment_generator,False,
TXNL201900000119,ACC0000996,IND19014347,LN2019010000890,LDO20190000031,1,2019-02-28,02:32:51,8593.66,Debit,Completed,,Loan Payment - LN2019010000890,False,,0.21,,Automated,Personal Loan,standard_payment,False,loan_payment_generator,False,
TXNL201900000120,ACC0000386,IND19013498,LN2019010000897,LDO20190000085,1,2019-02-22,02:59:52,7758.83,Debit,Completed,,Loan Payment - LN2019010000897 - Extra Principal,False,,0.63,,Automated,Home Loan,extra_payment,False,loan_payment_generator,False,
TXNL201900000121,ACC0001660,COM19000038,LN2019010000898,LDO20190000086,1,2019-02-28,02:11:21,5119.57,Debit,Completed,,Loan Payment - LN2019010000898,False,,0.2,,Automated,Business Loan,standard_payment,False,loan_payment_generator,False,
TXNL201900000122,ACC0000600,IND19006065,LN2019010000911,LDO20190000032,1,2019-02-28,03:36:40,1019.47,Debit,Completed,,Loan Payment - LN2019010000911,False,,0.33,,Automated,Vehicle Loan,standard_payment,False,loan_payment_generator,False,
TXNL201900000123,ACC0000220,IND19000552,LN2019010000916,LDO20190000087,1,2019-02-28,02:16:01,1940.6,Debit,Completed,,Loan Payment - LN2019010000916,False,,0.32,,Automated,Vehicle Loan,standard_payment,False,loan_payment_generator,False,
TXNL201900000124,ACC0000330,IND19007194,LN2019010000917,LDO20190000033,1,2019-02-18,04:45:45,606.42,Debit,Completed,,Loan Payment - LN2019010000917,False,,1.56,,Automated,Home Loan,standard_payment,False,loan_payment_generator,False,
TXNL201900000125,ACC0000763,IND19016056,LN2019010000919,LDO20190000088,1,2019-02-25,02:27:12,3480.27,Debit,Completed,,Loan Payment - LN2019010000919,False,,0.82,,Automated,Vehicle Loan,standard_payment,False,loan_payment_generator,False,
TXNL201900000126,ACC0000289,IND19016939,LN2019010000932,LDO20190000089,1,2019-02-28,04:41:57,3188.59,Debit,Completed,,Loan Payment - LN2019010000932,False,,0.66,,Automated,Vehicle Loan,standard_payment,False,loan_payment_generator,False,
TXNL201900000127,ACC0001493,IND19010838,LN2019010000934,LDO20190000090,1,2019-02-19,02:36:44,2297.2,Debit,Completed,,Loan Payment - LN2019010000934,False,,0.79,,Automated,Home Loan,standard_payment,False,loan_payment_generator,False,
TXNL201900000128,ACC0000391,IND19009645,LN2019010000945,LDO20190000034,1,2019-02-19,04:28:36,3297.79,Debit,Completed,,Loan Payment - LN2019010000945,False,,1.84,,Automated,Personal Loan,standard_payment,False,loan_payment_generator,False,
TXNL201900000129,ACC0000134,IND19012457,LN2019010000957,LDO20190000092,1,2019-02-17,04:14:33,2759.69,Debit,Failed,mandate_limit,Loan Payment - LN2019010000957,False,,0.62,,Automated,Personal Loan,standard_payment,False,loan_payment_generator,False,
TXNL201900000130,ACC0000841,IND19006895,LN2019010000958,LDO20190000093,1,2019-02-10,03:32:50,1128.8,Debit,Completed,,Loan Payment - LN2019010000958,False,,0.42,,Automated,Home Loan,standard_payment,False,loan_payment_generator,False,
TXNL201900000131,ACC0000658,IND19011862,LN2019010000959,LDO20190000094,1,2019-02-28,02:29:01,253.83,Debit,Completed,,Loan Payment - LN2019010000959,False,,1.31,,Automated,Home Loan,standard_payment,False,loan_payment_generator,False,
TXNL201900000132,ACC0000531,IND19010760,LN2019010000970,LDO20190000035,1,2019-02-19,02:22:13,2709.95,Debit,Completed,,Loan Payment - LN2019010000970,False,,0.28,,Automated,Personal Loan,standard_payment,False,loan_payment_generator,False,
TXNL201900000133,ACC0000371,IND19014162,LN2019010001000,LDO20190000037,1,2019-02-09,03:44:09,1534.73,Debit,Completed,,Loan Payment - LN2019010001000,False,,0.11,,Automated,Vehicle Loan,standard_payment,False,loan_payment_generator,False,
TXNL201900000134,ACC0001626,IND19004114,LN2019010001025,LDO20190000038,1,2019-02-19,02:17:02,1604.76,Debit,Completed,,Loan Payment - LN2019010001025,False,,0.05,,Automated,Personal Loan,standard_payment,False,loan_payment_generator,False,
TXNL201900000135,ACC0000973,IND19012041,LN2019010001042,LDO20190000096,1,2019-02-10,04:58:24,2575.46,Debit,Completed,,Loan Payment - LN2019010001042,False,,1.32,,Automated,Home Loan,standard_payment,False,loan_payment_generator,False,
TXNL201900000136,ACC0000684,IND19005459,LN2019010001052,LDO20190000097,1,2019-02-22,02:21:14,1462.52,Debit,Completed,,Loan Payment - LN2019010001052,False,,1.41,,Automated,Personal Loan,standard_payment,False,loan_payment_generator,False,
TXNL201900000137,ACC0000418,IND19014051,LN2019010001070,LDO20190000099,1,2019-02-28,03:50:03,2264.49,Debit,Completed,,Loan Payment - LN2019010001070,False,,0.19,,Automated,Personal Loan,standard_payment,False,loan_payment_generator,False,
TXNL201900000138,ACC0001069,IND19001364,LN2019010001084,LDO20190000101,1,2019-02-13,03:19:09,1198.05,Debit,Completed,,Loan Payment - LN2019010001084,False,,0.5,,Automated,Home Loan,standard_payment,False,loan_payment_generator,False,
TXNL201900000139,ACC0001528,IND19005983,LN2019010001092,LDO20190000040,1,2019-02-23,03:01:12,202.89,Debit,Completed,,Loan Payment - LN2019010001092,False,,0.66,,Automated,Home Loan,standard_payment,False,loan_payment_generator,False,
TXNL201900000140,ACC0000637,IND19000666,LN2019010001113,LDO20190000041,1,2019-02-27,04:28:09,1551.58,Debit,Completed,,Loan Payment - LN2019010001113,False,,0.52,,Automated,Home Loan,standard_payment,False,loan_payment_generator,False,
TXNL201900000141,ACC0000542,IND19006210,LN2019010001114,,1,2019-02-27,02:25:15,3324.12,Debit,Completed,,Loan Payment - LN2019010001114,False,,2.5,,Automated,Vehicle Loan,standard_payment,False,loan_payment_generator,False,
TXNL201900000142,ACC0000072,IND19005479,LN2019010001116,,1,2019-02-24,02:45:14,905.2,Debit,Completed,,Loan Payment - LN2019010001116,False,,2.5,,Automated,Home Loan,standard_payment,False,loan_payment_generator,False,
TXNL201900000143,ACC0000811,IND19000169,LN2019010001120,LDO20190000042,1,2019-02-28,02:32:20,3254.67,Debit,Completed,,Loan Payment - LN2019010001120,False,,0.78,,Automated,Vehicle Loan,standard_payment,False,loan_payment_generator,False,
TXNL201900000144,ACC0000836,IND19001994,LN2019010001130,,1,2019-02-14,04:41:43,269.6,Debit,Completed,,Loan Payment - LN2019010001130,False,,2.5,,Automated,Home Loan,standard_payment,False,loan_payment_generator,False,
TXNL201900000145,ACC0001363,IND19001188,LN2019010001140,LDO20190000044,1,2019-02-28,02:15:54,824.37,Debit,Completed,,Loan Payment - LN2019010001140,False,,1.7,,Automated,Vehicle Loan,standard_payment,False,loan_payment_generator,False,
TXNL201900000146,ACC0001266,IND19016300,LN2019010001143,LDO20190000102,1,2019-02-19,00:31:11,7659.4,Debit,Completed,,Loan Payment - LN2019010001143,False,,0.82,,Automated,Vehicle Loan,standard_payment,False,loan_payment_generator,True,timestamp_shift
TXNL201900000147,ACC0000810,IND19014075,LN2019010001146,,1,2019-02-19,04:13:26,2602.46,Debit,Completed,,Loan Payment - LN2019010001146,False,,2.5,,Automated,Home Loan,standard_payment,False,loan_payment_generator,False,
TXNL201900000148,ACC0001343,IND19009143,LN2019010001157,LDO20190000103,1,2019-02-16,03:22:43,3027.98,Debit,Completed,,Loan Payment - LN2019010001157,False,,1.46,,Automated,Home Loan,standard_payment,False,loan_payment_generator,False,
TXNL201900000149,ACC0000585,IND19004309,LN2019010001163,LDO20190000104,1,2019-02-17,07:43:56,3194.33,Debit,Completed,,Loan Payment - LN2019010001163,False,,1.51,,Automated,Home Loan,standard_payment,False,loan_payment_generator,True,timestamp_shift
TXNL201900000150,ACC0001676,COM19000298,LN2019010001164,,1,2019-02-21,04:37:07,8795.74,Debit,Completed,,Loan Payment - LN2019010001164,False,,2.5,,Automated,Business Loan,standard_payment,False,loan_payment_generator,False,
TXNL201900000151,ACC0000390,IND19002143,LN2019010001167,LDO20190000105,1,2019-02-15,03:57:12,753.48,Debit,Failed,mandate_limit,Loan Payment - LN2019010001167,False,,1.64,,Automated,Personal Loan,standard_payment,False,loan_payment_generator,False,
TXNL201900000152,ACC0001016,IND19007315,LN2019010001180,LDO20190000106,1,2019-02-23,02:13:38,2112.96,Debit,Completed,,Loan Payment - LN2019010001180,False,,1.71,,Automated,Home Loan,standard_payment,False,loan_payment_generator,False,
TXNL201900000153,ACC0000169,IND19015276,LN2019010001182,LDO20190000107,1,2019-02-18,04:52:48,1584.57,Debit,Completed,,Loan Payment - LN2019010001182,False,,0.05,,Automated,Home Loan,standard_payment,False,loan_payment_generator,False,
TXNL201900000154,ACC0000723,IND19010495,LN2019010001185,LDO20190000108,1,2019-02-25,03:36:29,1082.3,Debit,Completed,,Loan Payment - LN2019010001185,False,,1.01,,Automated,Vehicle Loan,standard_payment,False,loan_payment_generator,False,
TXNL201900000155,ACC0001029,IND19009696,LN2019010001192,LDO20190000109,1,2019-02-18,03:54:26,3515.28,Debit,Cancelled,customer_stop_instruction,Loan Payment - LN2019010001192,False,,1.0,,Automated,Vehicle Loan,standard_payment,False,loan_payment_generator,False,
TXNL201900000156,ACC0000506,IND19003263,LN2019010001197,LDO20190000110,1,2019-02-11,03:02:05,3040.75,Debit,Completed,,Loan Payment - LN2019010001197,False,,0.67,,Automated,Personal Loan,standard_payment,False,loan_payment_generator,False,
TXNL201900000157,ACC0000415,IND19016238,LN2019010001200,,1,2019-02-15,04:22:50,301.89,Debit,Completed,,Loan Payment - LN2019010001200 - Late Fee,False,,2.5,,Automated,Home Loan,late_payment,False,loan_payment_generator,False,
TXNL201900000158,ACC0000086,IND19000654,LN2019010001211,LDO20190000045,1,2019-02-18,03:02:22,894.48,Debit,Completed,,Loan Payment - LN2019010001211,False,,0.58,,Automated,Home Loan,standard_payment,False,loan_payment_generator,False,
TXNL201900000159,ACC0001185,IND19002045,LN2019010001230,LDO20190000112,1,2019-02-11,03:33:11,2425.0,Debit,Completed,,Loan Payment - LN2019010001230,False,,0.03,,Automated,Personal Loan,standard_payment,False,loan_payment_generator,False,
TXNL201900000160,ACC0000604,IND19004880,LN2019010001245,LDO20190000114,1,2019-02-14,03:19:35,3869.28,Debit,Completed,,Loan Payment - LN2019010001245,False,,1.44,,Automated,Home Loan,standard_payment,False,loan_payment_generator,False,
TXNL201900000161,ACC0001662,COM19000313,LN2019010001254,LDO20190000117,1,2019-02-28,03:00:29,22797.65,Debit,Completed,,Loan Payment - LN2019010001254,False,,0.33,,Automated,Business Loan,standard_payment,False,loan_payment_generator,True,amount_rounding_error
TXNL201900000162,ACC0000590,IND19004200,LN2019010001263,LDO20190000048,1,2019-02-28,02:48:27,7273.99,Debit,Completed,,Loan Payment - LN2019010001263,False,,0.11,,Automated,Personal Loan,standard_payment,False,loan_payment_generator,False,
TXNL201900000163,ACC0001018,IND19007141,LN2019010001270,LDO20190000049,1,2019-02-23,04:18:37,2853.41,Debit,Completed,,Loan Payment - LN2019010001270,False,,0.34,,Automated,Home Loan,standard_payment,False,loan_payment_generator,False,
TXNL201900000164,ACC0000550,IND19004219,LN2019010001283,LDO20190000120,1,2019-02-20,04:07:04,2267.43,Debit,Completed,,Loan Payment - LN2019010001283,False,,1.58,,Automated,Personal Loan,standard_payment,False,loan_payment_generator,False,
TXNL201900000165,ACC0000889,IND19001057,LN2019010001302,LDO20190000121,1,2019-02-28,03:31:19,2279.58,Debit,Failed,bank_timeout,Loan Payment - LN2019010001302,False,,0.04,,Automated,Home Loan,standard_payment,False,loan_payment_generator,True,status_inconsistency
TXNL201900000166,ACC0001153,IND19015308,LN2019010001309,LDO20190000050,1,2019-02-23,02:30:50,336.46,Debit,Completed,,Loan Payment - LN2019010001309 - Partial,False,,1.13,,Automated,Home Loan,partial_payment,False,loan_payment_generator,False,
TXNL201900000167,ACC0000049,IND19014761,LN2019010001310,LDO20190000122,1,2019-02-28,03:49:41,2320.46,Debit,Completed,,Loan Payment - LN2019010001310,False,,0.04,,Automated,Vehicle Loan,standard_payment,False,loan_payment_generator,False,
TXNL201900000168,ACC0000189,IND19003338,LN2019010001311,LDO20190000123,1,2019-02-12,03:00:44,1140.95,Debit,Completed,,Loan Payment - LN2019010001311,False,,1.38,,Automated,Home Loan,standard_payment,False,loan_payment_generator,False,
TXNL201900000169,ACC0000404,IND19012958,LN2019010001314,LDO20190000124,1,2019-02-16,03:08:22,1003.52,Debit,Completed,,Loan Payment - LN2019010001314,False,,0.61,,Automated,Personal Loan,standard_payment,False,loan_payment_generator,False,
TXNL201900000170,ACC0000159,IND19009851,LN2019010001326,LDO20190000126,1,2019-02-28,02:45:37,1772.07,Debit,Completed,,Loan Payment - LN2019010001326,False,,0.85,,Automated,Home Loan,standard_payment,False,loan_payment_generator,False,
TXNL201900000171,ACC0000721,IND19006161,LN2019010001331,LDO20190000127,1,2019-02-20,04:31:19,3202.46,Debit,Completed,,Loan Payment - LN2019010001331,False,,1.2,,Automated,Home Loan,standard_payment,False,loan_payment_generator,False,
TXNL201900000172,ACC0001494,IND19015488,LN2019010001339,LDO20190000128,1,2019-02-20,02:25:50,1182.67,Debit,Failed,bank_timeout,Loan Payment - LN2019010001339,False,,0.16,,Automated,Personal Loan,standard_payment,False,loan_payment_generator,False,
TXNL201900000173,ACC0001374,IND19009678,LN2019010001352,LDO20190000052,1,2019-02-15,03:53:51,988.97,Debit,Completed,,Loan Payment - LN2019010001352,False,,0.82,,Automated,Personal Loan,standard_payment,False,loan_payment_generator,False,
TXNL201900000174,ACC0001129,IND19005846,LN2019010001386,LDO20190000054,1,2019-02-11,03:24:33,726.09,Debit,Completed,,Loan Payment - LN2019010001386,False,,0.14,,Automated,Home Loan,standard_payment,False,loan_payment_generator,False,
TXNL201900000175,ACC0001335,IND19015197,LN2019010001399,LDO20190000132,1,2019-02-10,02:47:20,2433.11,Debit,Completed,,Loan Payment - LN2019010001399,False,,1.18,,Automated,Personal Loan,standard_payment,False,loan_payment_generator,False,
TXNL201900000176,ACC0000505,IND19012808,LN2019010001412,LDO20190000133,1,2019-02-27,04:50:07,569.56,Debit,Completed,,Loan Payment - LN2019010001412,False,,0.66,,Automated,Personal Loan,standard_payment,False,loan_payment_generator,False,
TXNL201900000177,ACC0000687,IND19005091,LN2019010001414,LDO20190000055,1,2019-02-28,04:33:52,178.15,Debit,Completed,,Loan Payment - LN2019010001414,False,,1.32,,Automated,Home Loan,standard_payment,False,loan_payment_generator,False,
TXNL201900000178,ACC0000702,IND19016305,LN2019010001423,,1,2019-02-10,03:22:24,3469.0,Debit,Completed,,Loan Payment - LN2019010001423,False,,2.5,,Automated,Home Loan,standard_payment,False,loan_payment_generator,False,
TXNL201900000179,ACC0000276,IND19007519,LN2019010001435,,1,2019-02-28,02:46:02,2171.77,Debit,Completed,,Loan Payment - LN2019010001435,False,,2.5,,Automated,Vehicle Loan,standard_payment,False,loan_payment_generator,False,
TXNL201900000180,ACC0001187,IND19002773,LN2019010001436,LDO20190000056,1,2019-02-08,23:48:01,2357.2,Debit,Completed,,Loan Payment - LN2019010001436,False,,0.45,,Automated,Vehicle Loan,standard_payment,False,loan_payment_generator,True,timestamp_shift
TXNL201900000181,ACC0001320,IND19001004,LN2019010001440,LDO20190000135,1,2019-02-17,04:29:40,1503.05,Debit,Completed,,Loan Payment - LN2019010001440,False,,1.14,,Automated,Vehicle Loan,standard_payment,False,loan_payment_generator,False,
TXNL201900000182,ACC0000003,IND19007744,LN2019010001447,LDO20190000136,1,2019-02-17,04:27:58,2833.94,Debit,Completed,,Loan Payment - LN2019010001447,False,,0.43,,Automated,Vehicle Loan,standard_payment,False,loan_payment_generator,False,
TXNL201900000183,ACC0001594,IND19015422,LN2019010001467,,1,2019-02-27,03:24:42,832.06,Debit,Completed,,Loan Payment - LN2019010001467,False,,2.5,,Automated,Vehicle Loan,standard_payment,False,loan_payment_generator,False,
TXNL201900000184,ACC0001480,IND19013470,LN2019010001473,LDO20190000138,1,2019-02-18,02:47:31,1598.74,Debit,Completed,,Loan Payment - LN2019010001473,False,,0.06,,Automated,Home Loan,standard_payment,False,loan_payment_generator,False,
TXNL201900000185,ACC0000265,IND19009394,LN2019010001482,LDO20190000058,1,2019-02-23,02:44:56,1152.8,Debit,Completed,,Loan Payment - LN2019010001482,False,,0.59,,Automated,Home Loan,standard_payment,False,loan_payment_generator,False,
TXNL201900000186,ACC0000242,IND19013930,LN2019010001487,LDO20190000139,1,2019-02-23,02:43:08,4323.94,Debit,Completed,,Loan Payment - LN2019010001487,False,,0.81,,Automated,Personal Loan,standard_payment,False,loan_payment_generator,False,
TXNL201900000187,ACC0000710,IND19010571,LN2019010001488,LDO20190000140,1,2019-02-25,03:33:25,628.95,Debit,Completed,,Loan Payment - LN2019010001488,False,,1.66,,Automated,Home Loan,standard_payment,False,loan_payment_generator,False,
TXNL201900000188,ACC0001381,IND19013372,LN2019010001489,LDO20190000141,1,2019-02-20,03:33:54,915.3,Debit,Completed,,Loan Payment - LN2019010001489,False,,1.48,,Automated,Vehicle Loan,standard_payment,False,loan_payment_generator,False,
TXNL201900000189,ACC0000589,IND19011813,LN2019010001501,LDO20190000142,1,2019-02-19,02:50:36,1104.98,Debit,Completed,,Loan Payment - LN2019010001501,False,,0.04,,Automated,Vehicle Loan,standard_payment,False,loan_payment_generator,False,
TXNL201900000190,ACC0001117,IND19016009,LN2019010001502,LDO20190000143,1,2019-02-10,03:52:59,5757.69,Debit,Completed,,Loan Payment - LN2019010001502,False,,1.14,,Automated,Home Loan,standard_payment,False,loan_payment_generator,False,
TXNL201900000191,ACC0001578,IND19013200,LN2019010001503,,1,2019-02-28,04:29:28,1411.31,Debit,Completed,,Loan Payment - LN2019010001503,False,,2.5,,Automated,Vehicle Loan,standard_payment,False,loan_payment_generator,False,
TXNL201900000192,ACC0000047,IND19006418,LN2019010001505,,1,2019-02-28,02:44:08,1048.91,Debit,Completed,,Loan Payment - LN2019010001505,False,,2.5,,Automated,Home Loan,standard_payment,False,loan_payment_generator,False,
TXNL201900000193,ACC0000619,IND19013703,LN2019010001517,LDO20190000145,1,2019-02-18,02:06:09,3471.59,Debit,Completed,,Loan Payment - LN2019010001517,False,,1.97,,Automated,Personal Loan,standard_payment,False,loan_payment_generator,False,
TXNL201900000194,ACC0001150,IND19003805,LN2019010001521,LDO20190000146,1,2019-02-28,04:57:06,1383.77,Debit,Completed,,Loan Payment - LN2019010001521,False,,0.77,,Automated,Home Loan,standard_payment,False,loan_payment_generator,False,
TXNL201900000195,ACC0001273,IND19004976,LN2019010001532,LDO20190000147,1,2019-02-28,02:52:57,236.0,Debit,Completed,,Loan Payment - LN2019010001532,False,,0.24,,Automated,Home Loan,standard_payment,False,loan_payment_generator,False,
TXNL201900000196,ACC0000140,IND19000343,LN2019010001537,LDO20190000148,1,2019-02-17,02:34:41,467.12,Debit,Completed,,Loan Payment - LN2019010001537,False,,1.64,,Automated,Personal Loan,standard_payment,False,loan_payment_generator,False,
TXNL201900000197,ACC0000405,IND19005493,LN2019010001575,LDO20190000150,1,2019-02-17,07:28:34,877.05,Debit,Completed,,Loan Payment - LN2019010001575,False,,1.52,,Automated,Personal Loan,standard_payment,False,loan_payment_generator,True,timestamp_shift
TXNL201900000198,ACC0001223,IND19005824,LN2019010001580,LDO20190000059,1,2019-02-14,04:15:52,691.46,Debit,Completed,,Loan Payment - LN2019010001580,False,,0.2,,Automated,Home Loan,standard_payment,False,loan_payment_generator,False,
