response_id,campaign_id,customer_id,account_id,response_date,response_type,conversion_value_zar,channel_used,notes
RESP-202409-0000001,CAMP-2024-011,IND24019381,ACC0094157,2024-09-06,ignored,,whatsapp,No direct action recorded after campaign exposure.
RESP-202409-0000002,CAMP-2024-011,IND24010638,ACC0094851,2024-09-17,ignored,,whatsapp,No direct action recorded after campaign exposure.
RESP-202409-0000003,CAMP-2024-011,IND24007725,,2024-09-14,ignored,,app_push,No direct action recorded after campaign exposure.
RESP-202409-0000004,CAMP-2024-011,IND24007056,ACC0094123,2024-09-22,opened,,whatsapp,Customer opened or viewed the campaign message.
RESP-202409-0000005,CAMP-2024-011,IND24006626,ACC0094319,2024-09-15,ignored,,branch_poster,No direct action recorded after campaign exposure.
RESP-202409-0000006,CAMP-2024-011,IND24011870,,2024-09-22,ignored,,app_push,No direct action recorded after campaign exposure.
RESP-202409-0000007,CAMP-2024-011,IND24002849,ACC0095001,2024-09-22,ignored,,app_push,No direct action recorded after campaign exposure.
RESP-202409-0000008,CAMP-2024-011,IND24007174,ACC0094148,2024-09-20,converted,20942.0,app_push,Customer accepted offer for home_loan through app_push.
RESP-202409-0000009,CAMP-2024-011,IND24021102,ACC0094797,2024-09-23,opened,,whatsapp,Customer opened or viewed the campaign message.
RESP-202409-0000010,CAMP-2024-011,IND24004465,ACC0095704,2024-09-05,ignored,,branch_poster,No direct action recorded after campaign exposure.
RESP-202409-0000011,CAMP-2024-011,IND24005970,ACC0095397,2024-09-22,ignored,,whatsapp,No direct action recorded after campaign exposure.
RESP-202409-0000012,CAMP-2024-011,IND24005749,ACC0094080,2024-09-14,ignored,,branch_poster,No direct action recorded after campaign exposure.
RESP-202409-0000013,CAMP-2024-011,IND24002214,ACC0095561,2024-09-20,ignored,,branch_poster,No direct action recorded after campaign exposure.
RESP-202409-0000014,CAMP-2024-011,IND24012854,ACC0093879,2024-09-23,ignored,,branch_poster,No direct action recorded after campaign exposure.
RESP-202409-0000015,CAMP-2024-011,IND24022381,ACC0094688,2024-09-24,opened,,whatsapp,Customer opened or viewed the campaign message.
RESP-202409-0000016,CAMP-2024-011,IND24006545,ACC0094835,2024-09-01,ignored,,app_push,No direct action recorded after campaign exposure.
RESP-202409-0000017,CAMP-2024-011,IND24010284,ACC0094819,2024-09-05,opened,,app_push,Customer opened or viewed the campaign message.
RESP-202409-0000018,CAMP-2024-011,IND24008715,ACC0094355,2024-09-16,complained,,branch_poster,"Customer complained about frequency, relevance or timing of marketing contact."
RESP-202409-0000019,CAMP-2024-011,IND24010013,ACC0094646,2024-09-20,opened,,whatsapp,Customer opened or viewed the campaign message.
RESP-202409-0000020,CAMP-2024-011,IND24009914,ACC0094831,2024-09-21,opened,,whatsapp,Customer opened or viewed the campaign message.
RESP-202409-0000021,CAMP-2024-011,IND24004112,ACC0095694,2024-09-02,ignored,,branch_poster,No direct action recorded after campaign exposure.
RESP-202409-0000022,CAMP-2024-011,IND24010732,ACC0093998,2024-09-06,opened,,branch_poster,Customer opened or viewed the campaign message.
RESP-202409-0000023,CAMP-2024-011,IND24019553,ACC0095284,2024-09-20,ignored,,app_push,No direct action recorded after campaign exposure.
RESP-202409-0000024,CAMP-2024-011,IND24019372,ACC0093905,2024-09-02,ignored,,branch_poster,No direct action recorded after campaign exposure.
RESP-202409-0000025,CAMP-2024-011,IND24002664,ACC0095222,2024-09-11,ignored,,app_push,No direct action recorded after campaign exposure.
RESP-202409-0000026,CAMP-2024-011,IND24020304,,2024-09-02,ignored,,whatsapp,No direct action recorded after campaign exposure.
RESP-202409-0000027,CAMP-2024-011,IND24012666,,2024-09-15,ignored,,app_push,No direct action recorded after campaign exposure.
RESP-202409-0000028,CAMP-2024-011,IND24017740,ACC0095042,2024-09-04,ignored,,branch_poster,No direct action recorded after campaign exposure.
RESP-202409-0000029,CAMP-2024-011,IND24007315,,2024-09-11,ignored,,app_push,No direct action recorded after campaign exposure.
RESP-202409-0000030,CAMP-2024-011,IND24001686,ACC0094195,2024-09-09,ignored,,branch_poster,No direct action recorded after campaign exposure.
RESP-202409-0000031,CAMP-2024-011,IND24020194,ACC0094624,2024-09-11,clicked,,whatsapp,Customer clicked through to campaign landing page or product information.
RESP-202409-0000032,CAMP-2024-011,IND24008449,ACC0095569,2024-09-09,opened,,app_push,Customer opened or viewed the campaign message.
RESP-202409-0000033,CAMP-2024-011,IND24007730,ACC0095652,2024-09-07,ignored,,branch_poster,No direct action recorded after campaign exposure.
RESP-202409-0000034,CAMP-2024-011,IND24016473,ACC0095509,2024-09-07,ignored,,whatsapp,No direct action recorded after campaign exposure.
RESP-202409-0000035,CAMP-2024-011,IND24012529,,2024-09-17,ignored,,branch_poster,No direct action recorded after campaign exposure.
RESP-202409-0000036,CAMP-2024-011,IND24010347,ACC0094042,2024-09-18,ignored,,whatsapp,No direct action recorded after campaign exposure.
RESP-202409-0000037,CAMP-2024-011,IND24020030,ACC0095604,2024-09-06,ignored,,whatsapp,No direct action recorded after campaign exposure.
RESP-202409-0000038,CAMP-2024-011,IND24015412,ACC0095464,2024-09-01,ignored,,branch_poster,No direct action recorded after campaign exposure.
RESP-202409-0000039,CAMP-2024-011,IND24021951,ACC0094014,2024-09-07,ignored,,branch_poster,No direct action recorded after campaign exposure.
RESP-202409-0000040,CAMP-2024-012,COM24000195,ACC0095802,2024-09-08,ignored,,branch_poster,No direct action recorded after campaign exposure.
RESP-202409-0000041,CAMP-2024-012,COM24000219,,2024-09-17,ignored,,app_push,No direct action recorded after campaign exposure.
RESP-202409-0000042,CAMP-2024-012,COM24000052,ACC0095804,2024-09-14,clicked,,whatsapp,Customer clicked through to campaign landing page or product information.
RESP-202409-0000043,CAMP-2024-013,IND24009441,ACC0094293,2024-09-22,ignored,,branch_poster,No direct action recorded after campaign exposure.
RESP-202409-0000044,CAMP-2024-013,IND24014253,ACC0095267,2024-09-23,ignored,,sms,No direct action recorded after campaign exposure.
RESP-202409-0000045,CAMP-2024-013,IND24008924,ACC0094983,2024-09-30,clicked,,whatsapp,Customer clicked through to campaign landing page or product information.
RESP-202409-0000046,CAMP-2024-013,IND24013909,ACC0095166,2024-09-30,opened,,whatsapp,Customer opened or viewed the campaign message.
RESP-202409-0000047,CAMP-2024-013,IND24012556,ACC0095755,2024-09-28,opened,,whatsapp,Customer opened or viewed the campaign message.
RESP-202409-0000048,CAMP-2024-013,IND24000380,ACC0095695,2024-09-25,ignored,,branch_poster,No direct action recorded after campaign exposure.
RESP-202409-0000049,CAMP-2024-013,IND24008919,,2024-09-25,opened,,sms,Customer opened or viewed the campaign message.
RESP-202409-0000050,CAMP-2024-013,IND24010960,ACC0094985,2024-09-21,opened,,whatsapp,Customer opened or viewed the campaign message.
RESP-202409-0000051,CAMP-2024-013,IND24012822,ACC0095597,2024-09-25,opened,,whatsapp,Customer opened or viewed the campaign message.
RESP-202409-0000052,CAMP-2024-013,IND24005966,ACC0095365,2024-09-21,ignored,,sms,No direct action recorded after campaign exposure.
RESP-202409-0000053,CAMP-2024-013,IND24021879,ACC0094591,2024-09-27,ignored,,branch_poster,No direct action recorded after campaign exposure.
RESP-202409-0000054,CAMP-2024-013,IND24019618,ACC0094056,2024-09-24,opened,,whatsapp,Customer opened or viewed the campaign message.
RESP-202409-0000055,CAMP-2024-013,IND24022375,ACC0095352,2024-09-21,ignored,,branch_poster,No direct action recorded after campaign exposure.
RESP-202409-0000056,CAMP-2024-013,IND24006851,ACC0093940,2024-09-24,ignored,,branch_poster,No direct action recorded after campaign exposure.
RESP-202409-0000057,CAMP-2024-013,IND24014711,ACC0095092,2024-09-27,ignored,,sms,No direct action recorded after campaign exposure.
RESP-202409-0000058,CAMP-2024-013,IND24011302,ACC0095462,2024-09-28,ignored,,branch_poster,No direct action recorded after campaign exposure.
RESP-202409-0000059,CAMP-2024-013,IND24020639,ACC0094267,2024-09-30,ignored,,branch_poster,No direct action recorded after campaign exposure.
RESP-202409-0000060,CAMP-2024-013,IND24015444,ACC0094201,2024-09-21,ignored,,branch_poster,No direct action recorded after campaign exposure.
RESP-202409-0000061,CAMP-2024-013,IND24006935,,2024-09-23,ignored,,branch_poster,No direct action recorded after campaign exposure.
RESP-202409-0000062,CAMP-2024-013,COM24000232,ACC0095823,2024-09-25,opened,,whatsapp,Customer opened or viewed the campaign message.
RESP-202409-0000063,CAMP-2024-013,IND24010786,ACC0095327,2024-09-23,ignored,,whatsapp,No direct action recorded after campaign exposure.
RESP-202409-0000064,CAMP-2024-013,IND24001848,ACC0095771,2024-09-24,ignored,,whatsapp,No direct action recorded after campaign exposure.
RESP-202409-0000065,CAMP-2024-013,IND24000127,ACC0094393,2024-09-29,opened,,whatsapp,Customer opened or viewed the campaign message.
RESP-202409-0000066,CAMP-2024-013,IND24004472,ACC0094617,2024-09-23,clicked,,whatsapp,Customer clicked through to campaign landing page or product information.
RESP-202409-0000067,CAMP-2024-013,IND24006655,ACC0094458,2024-09-28,ignored,,sms,No direct action recorded after campaign exposure.
RESP-202409-0000068,CAMP-2024-013,IND24002520,ACC0095133,2024-09-23,opened,,whatsapp,Customer opened or viewed the campaign message.
RESP-202409-0000069,CAMP-2024-014,COM24000302,ACC0095827,2024-09-17,opened,,chatbot,Customer opened or viewed the campaign message.
RESP-202409-0000070,CAMP-2024-014,COM24000393,ACC0095803,2024-09-16,opened,,app_push,Customer opened or viewed the campaign message.
RESP-202409-0000071,CAMP-2024-014,COM24000115,ACC0095821,2024-09-14,ignored,,chatbot,No direct action recorded after campaign exposure.
