comm_id,account_id,customer_id,channel,direction,timestamp,subject,body,sentiment,is_complaint,complaint_category
COMM-202002-000001,ACC0004315,IND1903020579,phone_call,inbound,26/02/2020 18:05,Unauthorised bank charge enquiry,Please explain the latest bank charge on my statement. I cannot see why this fee was taken and I want it reversed if it was incorrect.,positive,False,
COMM-202002-000002,ACC0009641,IND1906012150,branch_visit,inbound,10/02/2020 13:10,Home Loan rate increase question,I am worried my home loan instalment may change. Please confirm whether my repayment will be repriced and from which date. I saw the article 'Statement delays add noise to month-end finance controls' and wanted to check how it affects my account.,neutral,False,
COMM-202002-000003,ACC0017308,IND19007237,phone_call,inbound,01/02/2020 07:57,Why did my debit order fail?,"My debit order did not go through and I need to know whether it was insufficient funds, a retry problem or a bank processing issue. The account should not be charged twice.",neutral,False,
COMM-202002-000004,ACC0009351,IND1906013891,phone_call,inbound,23/02/2020 07:15,Why did my debit order fail?,"My debit order did not go through and I need to know whether it was insufficient funds, a retry problem or a bank processing issue. The account should not be charged twice.",negative,True,incorrect_charge
COMM-202002-000005,ACC0016730,IND1911018259,branch_visit,inbound,01/02/2020 10:30,Complaint about service,The service delay is frustrating. I have followed up more than once and still do not have a proper answer.,neutral,False,
COMM-202002-000006,ACC0000531,IND1901010760,branch_visit,inbound,08/02/2020 15:10,Card blocked at ATM,My card was blocked at the ATM and I need access restored or a replacement card arranged. I have an urgent payment to make.,negative,True,incorrect_charge
COMM-202002-000007,ACC0016033,IND1911019937,phone_call,inbound,28/02/2020 18:03,Card blocked at ATM,My card was blocked at the ATM and I need access restored or a replacement card arranged. I have an urgent payment to make.,positive,False,
COMM-202002-000008,ACC0006904,IND1904012495,branch_visit,inbound,12/02/2020 12:45,Why did my debit order fail?,"My debit order did not go through and I need to know whether it was insufficient funds, a retry problem or a bank processing issue. The account should not be charged twice.",negative,True,fee_dispute
COMM-202002-000009,ACC0000804,IND1901003109,phone_call,inbound,01/02/2020 11:28,Why did my debit order fail?,"My debit order did not go through and I need to know whether it was insufficient funds, a retry problem or a bank processing issue. The account should not be charged twice.",positive,False,
COMM-202002-000010,ACC0010990,IND1907014332,branch_visit,inbound,23/02/2020 10:10,Complaint about service,The service delay is frustrating. I have followed up more than once and still do not have a proper answer.,neutral,False,
COMM-202002-000011,ACC0004089,IND1903011651,phone_call,inbound,25/02/2020 08:33,Branch appointment request,I would like to book time at the branch to sort out my account and get printed documents for my records.,neutral,False,
COMM-202002-000012,ACC0016226,IND1911014635,branch_visit,inbound,20/02/2020 09:45,Complaint about service,The service delay is frustrating. I have followed up more than once and still do not have a proper answer.,neutral,False,
COMM-202002-000013,ACC0011113,IND1907013275,phone_call,inbound,19/02/2020 13:15,Card blocked at ATM,My card was blocked at the ATM and I need access restored or a replacement card arranged. I have an urgent payment to make.,neutral,False,
COMM-202002-000014,ACC0017797,IND1904007712,phone_call,inbound,08/02/2020 14:12,Card blocked at ATM,My card was blocked at the ATM and I need access restored or a replacement card arranged. I have an urgent payment to make.,negative,True,service_delay
COMM-202002-000015,ACC0005089,IND1903015343,phone_call,inbound,23/02/2020 12:23,Unauthorised bank charge enquiry,Please explain the latest bank charge on my statement. I cannot see why this fee was taken and I want it reversed if it was incorrect.,negative,True,incorrect_charge
COMM-202002-000016,ACC0006248,IND1904005286,branch_visit,inbound,05/02/2020 15:50,Cash deposit issue,I made a cash deposit but the amount is not showing correctly. Please investigate the branch or ATM record.,positive,False,
COMM-202002-000017,ACC0015477,IND1911012830,branch_visit,inbound,19/02/2020 15:05,Statement copy request,Please send me a copy of my latest statement and confirm the closing balance used for the month-end calculation.,neutral,False,
COMM-202002-000018,ACC0003085,IND1902014153,phone_call,inbound,11/02/2020 14:29,Home Loan rate increase question,I am worried my home loan instalment may change. Please confirm whether my repayment will be repriced and from which date.,negative,False,
COMM-202002-000019,ACC0006603,IND1904003315,branch_visit,inbound,22/02/2020 11:10,Cash deposit issue,I made a cash deposit but the amount is not showing correctly. Please investigate the branch or ATM record.,neutral,False,
COMM-202002-000020,ACC0002219,IND1902006312,phone_call,inbound,03/02/2020 15:36,Unauthorised bank charge enquiry,Please explain the latest bank charge on my statement. I cannot see why this fee was taken and I want it reversed if it was incorrect.,negative,True,fee_dispute
COMM-202002-000021,ACC0001516,IND1901008680,branch_visit,inbound,13/02/2020 12:30,Card blocked at ATM,My card was blocked at the ATM and I need access restored or a replacement card arranged. I have an urgent payment to make.,neutral,False,
COMM-202002-000022,ACC0007952,IND1905007543,branch_visit,inbound,29/02/2020 12:20,Cash deposit issue,I made a cash deposit but the amount is not showing correctly. Please investigate the branch or ATM record.,neutral,False,
COMM-202002-000023,ACC0004856,IND1903002897,branch_visit,inbound,15/02/2020 12:10,Card blocked at ATM,My card was blocked at the ATM and I need access restored or a replacement card arranged. I have an urgent payment to make.,negative,True,incorrect_charge
COMM-202002-000024,ACC0002863,IND1902012341,phone_call,inbound,16/02/2020 13:05,Why did my debit order fail?,"My debit order did not go through and I need to know whether it was insufficient funds, a retry problem or a bank processing issue. The account should not be charged twice.",negative,True,fee_dispute
COMM-202002-000025,ACC0008827,IND1906010355,phone_call,inbound,04/02/2020 18:03,Branch appointment request,I would like to book time at the branch to sort out my account and get printed documents for my records.,neutral,False,
COMM-202002-000026,ACC0007749,IND1905005754,branch_visit,inbound,07/02/2020 08:10,Card blocked at ATM,My card was blocked at the ATM and I need access restored or a replacement card arranged. I have an urgent payment to make.,neutral,False,
COMM-202002-000027,ACC0013485,IND1909005483,phone_call,inbound,21/02/2020 16:54,Branch appointment request,I would like to book time at the branch to sort out my account and get printed documents for my records.,neutral,False,
COMM-202002-000028,ACC0005240,IND1903010259,branch_visit,inbound,09/02/2020 15:10,Branch appointment request,I would like to book time at the branch to sort out my account and get printed documents for my records.,neutral,False,
COMM-202002-000029,ACC0007773,IND1905011745,phone_call,inbound,07/02/2020 15:52,Card blocked at ATM,My card was blocked at the ATM and I need access restored or a replacement card arranged. I have an urgent payment to make.,neutral,False,
COMM-202002-000030,ACC0009105,IND1906010363,branch_visit,inbound,12/02/2020 14:05,Card blocked at ATM,My card was blocked at the ATM and I need access restored or a replacement card arranged. I have an urgent payment to make.,neutral,False,
COMM-202002-000031,ACC0017638,IND1905006959,branch_visit,inbound,20/02/2020 11:15,Complaint about service,The service delay is frustrating. I have followed up more than once and still do not have a proper answer.,negative,True,fee_dispute
COMM-202002-000032,ACC0000086,IND1901000654,phone_call,inbound,16/02/2020 16:18,Home Loan rate increase question,I am worried my home loan instalment may change. Please confirm whether my repayment will be repriced and from which date. I saw the article 'Conduct teams press for clearer evidence on fees and failed payments' and wanted to check how it affects my account.,neutral,False,
COMM-202002-000033,ACC0005577,IND1904003614,branch_visit,inbound,08/02/2020 11:10,Home Loan rate increase question,I am worried my home loan instalment may change. Please confirm whether my repayment will be repriced and from which date. I saw the article 'Statement delays add noise to month-end finance controls' and wanted to check how it affects my account.,neutral,False,
COMM-202002-000034,ACC0004785,IND1903016995,phone_call,inbound,20/02/2020 08:11,Unauthorised bank charge enquiry,Please explain the latest bank charge on my statement. I cannot see why this fee was taken and I want it reversed if it was incorrect.,neutral,False,
COMM-202002-000035,ACC0011511,IND1908008078,branch_visit,inbound,10/02/2020 15:50,Card blocked at ATM,My card was blocked at the ATM and I need access restored or a replacement card arranged. I have an urgent payment to make.,positive,False,
COMM-202002-000036,ACC0013904,IND1909000190,phone_call,inbound,25/02/2020 17:49,Home Loan rate increase question,I am worried my home loan instalment may change. Please confirm whether my repayment will be repriced and from which date. I saw the article 'Digital channels reshape banking workloads as customer growth continues' and wanted to check how it affects my account.,neutral,False,
COMM-202002-000037, ACC0007110 ,IND1905001533,branch_visit,inbound,15/02/2020 09:20,Complaint about service,The service delay is frustrating. I have followed up more than once and still do not have a proper answer.,negative,True,fee_dispute
COMM-202002-000038,ACC0016504,IND1911014042,phone_call,inbound,09/02/2020 11:30,Unauthorised bank charge enquiry,Please explain the latest bank charge on my statement. I cannot see why this fee was taken and I want it reversed if it was incorrect.,negative,True,incorrect_charge
COMM-202002-000039,ACC0007258,IND1905003721,branch_visit,inbound,01/02/2020 10:30,Complaint about service,The service delay is frustrating. I have followed up more than once and still do not have a proper answer.,neutral,False,
COMM-202002-000040,ACC0003136,IND1902002072,phone_call,inbound,25/02/2020 11:47,Home Loan rate increase question,I am worried my home loan instalment may change. Please confirm whether my repayment will be repriced and from which date. I saw the article 'Banking analytics agenda: five signals to watch this month' and wanted to check how it affects my account.,neutral,False,
COMM-202002-000041,ACC0000003,IND1901007744,phone_call,inbound,03/02/2020 17:34,Why did my debit order fail?,"My debit order did not go through and I need to know whether it was insufficient funds, a retry problem or a bank processing issue. The account should not be charged twice.",negative,True,other
COMM-202002-000042,ACC0001164,IND1901004303,branch_visit,inbound,27/02/2020 14:45,Complaint about service,The service delay is frustrating. I have followed up more than once and still do not have a proper answer.,negative,True,failed_transaction
COMM-202002-000043,ACC0005824,IND1904013306,phone_call,inbound,28/02/2020 08:32,Card blocked at ATM,My card was blocked at the ATM and I need access restored or a replacement card arranged. I have an urgent payment to make.,neutral,False,
COMM-202002-000044,ACC0004881,IND1903013014,phone_call,inbound,26/02/2020 17:11,Home Loan rate increase question,I am worried my home loan instalment may change. Please confirm whether my repayment will be repriced and from which date. I saw the article 'Operational resilience returns to the agenda after payment interruptions' and wanted to check how it affects my account.,negative,True,fee_dispute
COMM-202002-000045,ACC0003689,IND1903005157,branch_visit,inbound,07/02/2020 15:15,Why did my debit order fail?,"My debit order did not go through and I need to know whether it was insufficient funds, a retry problem or a bank processing issue. The account should not be charged twice.",negative,True,digital_issue
COMM-202002-000046,ACC0001046,IND1901014386,branch_visit,inbound,22/02/2020 13:50,Home Loan rate increase question,I am worried my home loan instalment may change. Please confirm whether my repayment will be repriced and from which date. I saw the article 'Banking analytics agenda: five signals to watch this month' and wanted to check how it affects my account.,negative,True,fee_dispute
COMM-202002-000047,ACC0011251,IND1907004940,branch_visit,inbound,19/02/2020 15:50,Home Loan rate increase question,I am worried my home loan instalment may change. Please confirm whether my repayment will be repriced and from which date. I saw the article 'Retail banks sharpen arrears analytics as payment stress persists' and wanted to check how it affects my account.,negative,True,fee_dispute
COMM-202002-000048,ACC0004297,IND1903005893,branch_visit,inbound,19/02/2020 11:15,Complaint about service,The service delay is frustrating. I have followed up more than once and still do not have a proper answer.,negative,True,failed_transaction
COMM-202002-000049,ACC0002270,IND1902008555,phone_call,inbound,23/02/2020 10:07,Why did my debit order fail?,"My debit order did not go through and I need to know whether it was insufficient funds, a retry problem or a bank processing issue. The account should not be charged twice.",positive,False,
COMM-202002-000050,ACC0001373,IND1901006253,phone_call,inbound,04/02/2020 13:14,Unauthorised bank charge enquiry,Please explain the latest bank charge on my statement. I cannot see why this fee was taken and I want it reversed if it was incorrect.,positive,False,
COMM-202002-000051,ACC0008111,IND1905001387,branch_visit,inbound,22/02/2020 12:00,Home Loan rate increase question,I am worried my home loan instalment may change. Please confirm whether my repayment will be repriced and from which date. I saw the article 'Banking analytics agenda: five signals to watch this month' and wanted to check how it affects my account.,neutral,False,
COMM-202002-000052,ACC0006321,IND1904010780,branch_visit,inbound,23/02/2020 10:05,Complaint about service,The service delay is frustrating. I have followed up more than once and still do not have a proper answer.,positive,False,
COMM-202002-000053,ACC0006053,IND1904008287,branch_visit,inbound,19/02/2020 10:30,Home Loan rate increase question,I am worried my home loan instalment may change. Please confirm whether my repayment will be repriced and from which date. I saw the article 'Statement delays add noise to month-end finance controls' and wanted to check how it affects my account.,negative,True,service_delay
COMM-202002-000054,ACC0005618,IND1904008561,branch_visit,inbound,09/02/2020 12:30,Why did my debit order fail?,"My debit order did not go through and I need to know whether it was insufficient funds, a retry problem or a bank processing issue. The account should not be charged twice.",negative,True,digital_issue
COMM-202002-000055,ACC0016477,IND1911000053,phone_call,inbound,25/02/2020 11:49,Home Loan rate increase question,I am worried my home loan instalment may change. Please confirm whether my repayment will be repriced and from which date.,neutral,False,
COMM-202002-000056,ACC0002736,IND1902015711,branch_visit,inbound,26/02/2020 14:00,Home Loan rate increase question,I am worried my home loan instalment may change. Please confirm whether my repayment will be repriced and from which date. I saw the article 'Operational resilience returns to the agenda after payment interruptions' and wanted to check how it affects my account.,neutral,False,
COMM-202002-000057,ACC0008421,IND1906002733,branch_visit,inbound,07/02/2020 15:10,Card blocked at ATM,My card was blocked at the ATM and I need access restored or a replacement card arranged. I have an urgent payment to make.,neutral,False,
COMM-202002-000058,ACC0011551,IND1908001572,phone_call,inbound,10/02/2020 17:35,Card blocked at ATM,"Eish, My card was blocked at the ATM and I need access restored or a replacement card arranged. I have an urgent payment to make.",neutral,False,
COMM-202002-000059,ACC0009120,IND1906001492,phone_call,inbound,11/02/2020 12:06,Why did my debit order fail?,"My debit order did not go through and I need to know whether it was insufficient funds, a retry problem or a bank processing issue. The account should not be charged twice.",negative,True,fraud_concern
COMM-202002-000060,ACC0012782,IND1908006349,phone_call,inbound,12/02/2020 15:06,Card blocked at ATM,My card was blocked at the ATM and I need access restored or a replacement card arranged. I have an urgent payment to make.,negative,True,failed_transaction
COMM-202002-000061,ACC0016354,IND1911010183,phone_call,inbound,13/02/2020 08:08,Card blocked at ATM,"Howzit, My card was blocked at the ATM and I need access restored or a replacement card arranged. I have an urgent payment to make.",negative,True,statement_error
COMM-202002-000062,ACC0005051,IND1903018174,branch_visit,inbound,19/02/2020 08:10,Card blocked at ATM,My card was blocked at the ATM and I need access restored or a replacement card arranged. I have an urgent payment to make.,neutral,False,
COMM-202002-000063,ACC0015555,IND1911009723,phone_call,inbound,08/02/2020 09:58,Home Loan rate increase question,I am worried my home loan instalment may change. Please confirm whether my repayment will be repriced and from which date. I saw the article 'Statement delays add noise to month-end finance controls' and wanted to check how it affects my account.,neutral,False,
COMM-202002-000064,ACC0015605,IND1911000631,phone_call,inbound,04/02/2020 14:53,Branch appointment request,I would like to book time at the branch to sort out my account and get printed documents for my records.,neutral,False,
COMM-202002-000065,ACC0009835,IND1906003483,phone_call,inbound,19/02/2020 07:39,Home Loan rate increase question,I am worried my home loan instalment may change. Please confirm whether my repayment will be repriced and from which date. I saw the article 'Conduct teams press for clearer evidence on fees and failed payments' and wanted to check how it affects my account.,negative,False,
COMM-202002-000066,ACC0007507,IND1905001122,phone_call,inbound,20/02/2020 14:19,Card blocked at ATM,My card was blocked at the ATM and I need access restored or a replacement card arranged. I have an urgent payment to make.,negative,True,digital_issue
COMM-202002-000067,ACC0011341,IND1908014324,phone_call,inbound,05/02/2020 07:54,Home Loan rate increase question,I am worried my home loan instalment may change. Please confirm whether my repayment will be repriced and from which date. I saw the article 'Statement delays add noise to month-end finance controls' and wanted to check how it affects my account.,positive,False,
COMM-202002-000068,ACC0003504,IND1903009407,phone_call,inbound,03/02/2020 16:19,Branch appointment request,I would like to book time at the branch to sort out my account and get printed documents for my records.,neutral,False,
COMM-202002-000069,ACC0006297,IND1904004165,branch_visit,inbound,03/02/2020 10:50,Card blocked at ATM,My card was blocked at the ATM and I need access restored or a replacement card arranged. I have an urgent payment to make.,neutral,False,
COMM-202002-000070,ACC0011096,IND1907003534,phone_call,inbound,26/02/2020 13:44,Card blocked at ATM,My card was blocked at the ATM and I need access restored or a replacement card arranged. I have an urgent payment to make.,negative,True,staff_behavior
COMM-202002-000071,ACC0006501,IND1904012993,phone_call,inbound,15/02/2020 08:49,Unauthorised bank charge enquiry,Please explain the latest bank charge on my statement. I cannot see why this fee was taken and I want it reversed if it was incorrect.,negative,True,statement_error
COMM-202002-000072,ACC0000187,IND1901005404,phone_call,inbound,26/02/2020 07:40,Branch appointment request,I would like to book time at the branch to sort out my account and get printed documents for my records.,neutral,False,
COMM-202002-000073,ACC0003731,IND1903018494,branch_visit,inbound,16/02/2020 12:10,Cash deposit issue,I made a cash deposit but the amount is not showing correctly. Please investigate the branch or ATM record.,neutral,False,
COMM-202002-000074,ACC0006570,IND1904013192,phone_call,inbound,21/02/2020 10:50,Home Loan rate increase question,I am worried my home loan instalment may change. Please confirm whether my repayment will be repriced and from which date.,positive,False,
COMM-202002-000075,ACC0000412,IND1901013952,phone_call,inbound,03/02/2020 16:52,Unauthorised bank charge enquiry,Please explain the latest bank charge on my statement. I cannot see why this fee was taken and I want it reversed if it was incorrect.,positive,False,
COMM-202002-000076,ACC0006297,IND1904004165,branch_visit,inbound,14/02/2020 11:20,Branch appointment request,I would like to book time at the branch to sort out my account and get printed documents for my records.,negative,True,failed_transaction
COMM-202002-000077,ACC0015023,IND1910008027,phone_call,inbound,23/02/2020 09:52,Home Loan rate increase question,I am worried my home loan instalment may change. Please confirm whether my repayment will be repriced and from which date. I saw the article 'Statement delays add noise to month-end finance controls' and wanted to check how it affects my account.,neutral,False,
COMM-202002-000078,ACC0009444,IND1906013712,phone_call,inbound,02/02/2020 15:42,Why did my debit order fail?,"My debit order did not go through and I need to know whether it was insufficient funds, a retry problem or a bank processing issue. The account should not be charged twice.",negative,True,fraud_concern
COMM-202002-000079,ACC0008156,IND1905002483,phone_call,inbound,04/02/2020 13:22,Home Loan rate increase question,I am worried my home loan instalment may change. Please confirm whether my repayment will be repriced and from which date.,neutral,False,
COMM-202002-000080,ACC0016178,IND1911006692,phone_call,inbound,08/02/2020 18:45,Card blocked at ATM,My card was blocked at the ATM and I need access restored or a replacement card arranged. I have an urgent payment to make.,neutral,False,
COMM-202002-000081,ACC0000701,IND1901016305,phone_call,inbound,08/02/2020 12:26,Card blocked at ATM,My card was blocked at the ATM and I need access restored or a replacement card arranged. I have an urgent payment to make.,negative,False,
COMM-202002-000082,ACC0014131,IND1909013349,phone_call,inbound,25/02/2020 09:59,Branch appointment request,I would like to book time at the branch to sort out my account and get printed documents for my records.,neutral,False,
COMM-202002-000083,ACC0011277,COM1907000015,phone_call,inbound,22/02/2020 12:13,Home Loan rate increase question,I am worried my home loan instalment may change. Please confirm whether my repayment will be repriced and from which date.,neutral,False,
COMM-202002-000084,ACC0001730,IND1902001687,phone_call,inbound,21/02/2020 17:40,Card blocked at ATM,My card was blocked at the ATM and I need access restored or a replacement card arranged. I have an urgent payment to make.,negative,True,failed_transaction
COMM-202002-000085,ACC0012573,IND1908004723,branch_visit,inbound,28/02/2020 09:50,Home Loan rate increase question,I am worried my home loan instalment may change. Please confirm whether my repayment will be repriced and from which date. I saw the article 'Retail banks sharpen arrears analytics as payment stress persists' and wanted to check how it affects my account.,negative,True,failed_transaction
COMM-202002-000086,ACC0008264,IND1905014371,phone_call,inbound,22/02/2020 13:40,Unauthorised bank charge enquiry,Please explain the latest bank charge on my statement. I cannot see why this fee was taken and I want it reversed if it was incorrect.,neutral,False,
COMM-202002-000087,ACC0014001,IND1909008545,branch_visit,inbound,05/02/2020 10:45,Cash deposit issue,I made a cash deposit but the amount is not showing correctly. Please investigate the branch or ATM record.,positive,False,
COMM-202002-000088,ACC0012140,IND1908009372,phone_call,inbound,15/02/2020 15:26,Card blocked at ATM,My card was blocked at the ATM and I need access restored or a replacement card arranged. I have an urgent payment to make.,neutral,False,
COMM-202002-000089,ACC0000515,IND1901011906,phone_call,inbound,23/02/2020 10:16,Branch appointment request,I would like to book time at the branch to sort out my account and get printed documents for my records.,neutral,False,
COMM-202002-000090,ACC0003719,IND1903005540,branch_visit,inbound,16/02/2020 08:45,Why did my debit order fail?,"My debit order did not go through and I need to know whether it was insufficient funds, a retry problem or a bank processing issue. The account should not be charged twice.",negative,True,incorrect_charge
COMM-202002-000091,ACC0013899,IND1909006826,branch_visit,inbound,23/02/2020 10:05,Card blocked at ATM,My card was blocked at the ATM and I need access restored or a replacement card arranged. I have an urgent payment to make.,negative,True,fee_dispute
COMM-202002-000092,ACC0009768,IND1906015618,phone_call,inbound,18/02/2020 14:06,Home Loan rate increase question,I am worried my home loan instalment may change. Please confirm whether my repayment will be repriced and from which date. I saw the article 'Conduct teams press for clearer evidence on fees and failed payments' and wanted to check how it affects my account.,positive,False,
COMM-202002-000093,ACC0004113,IND1903020848,phone_call,inbound,13/02/2020 07:52,Why did my debit order fail?,"My debit order did not go through and I need to know whether it was insufficient funds, a retry problem or a bank processing issue. The account should not be charged twice.",neutral,False,
COMM-202002-000094,ACC0014900,IND1910006459,phone_call,inbound,18/02/2020 13:58,Branch appointment request,I would like to book time at the branch to sort out my account and get printed documents for my records.,negative,False,
COMM-202002-000095,ACC0005120,IND1903018125,branch_visit,inbound,04/02/2020 13:20,Statement copy request,Please send me a copy of my latest statement and confirm the closing balance used for the month-end calculation.,positive,False,
COMM-202002-000096,ACC0005824,IND1904013306,branch_visit,inbound,12/02/2020 12:50,Statement copy request,Please send me a copy of my latest statement and confirm the closing balance used for the month-end calculation.,neutral,False,
COMM-202002-000097,ACC0012150,IND1908004874,phone_call,inbound,21/02/2020 18:10,Branch appointment request,I would like to book time at the branch to sort out my account and get printed documents for my records.,positive,False,
COMM-202002-000098,ACC0008363,IND1906001972,phone_call,inbound,10/02/2020 16:19,Home Loan rate increase question,I am worried my home loan instalment may change. Please confirm whether my repayment will be repriced and from which date.,negative,True,failed_transaction
COMM-202002-000099,ACC0002036,IND1902015685,phone_call,inbound,14/02/2020 15:08,Card blocked at ATM,My card was blocked at the ATM and I need access restored or a replacement card arranged. I have an urgent payment to make.,neutral,False,
COMM-202002-000100,ACC0009190,IND1906012029,phone_call,inbound,20/02/2020 13:09,Home Loan rate increase question,I am worried my home loan instalment may change. Please confirm whether my repayment will be repriced and from which date. I saw the article 'Conduct teams press for clearer evidence on fees and failed payments' and wanted to check how it affects my account.,neutral,False,
COMM-202002-000101,ACC0017510,IND19006204,phone_call,inbound,03/02/2020 10:21,Branch appointment request,I would like to book time at the branch to sort out my account and get printed documents for my records.,neutral,False,
COMM-202002-000102,ACC0010745,IND1907011691,phone_call,inbound,06/02/2020 13:31,Why did my debit order fail?,"My debit order did not go through and I need to know whether it was insufficient funds, a retry problem or a bank processing issue. The account should not be charged twice.",negative,False,
COMM-202002-000103,ACC0009758,IND1906016938,phone_call,inbound,28/02/2020 11:51,Card blocked at ATM,My card was blocked at the ATM and I need access restored or a replacement card arranged. I have an urgent payment to make.,neutral,False,
COMM-202002-000104,ACC0001139,IND1901002237,phone_call,inbound,12/02/2020 18:07,Card blocked at ATM,My card was blocked at the ATM and I need access restored or a replacement card arranged. I have an urgent payment to make.,positive,False,
COMM-202002-000105,ACC0006313,IND1904007722,phone_call,inbound,09/02/2020 08:04,Home Loan rate increase question,I am worried my home loan instalment may change. Please confirm whether my repayment will be repriced and from which date. I saw the article 'Statement delays add noise to month-end finance controls' and wanted to check how it affects my account.,negative,True,fee_dispute
COMM-202002-000106,ACC0012623,IND1908013912,phone_call,inbound,13/02/2020 14:56,Home Loan rate increase question,I am worried my home loan instalment may change. Please confirm whether my repayment will be repriced and from which date. I saw the article 'Banks watch debit-order strain as households adjust spending' and wanted to check how it affects my account.,negative,True,fee_dispute
COMM-202002-000107,ACC0004563,IND1903000327,phone_call,inbound,19/02/2020 18:01,Why did my debit order fail?,"My debit order did not go through and I need to know whether it was insufficient funds, a retry problem or a bank processing issue. The account should not be charged twice.",negative,True,digital_issue
COMM-202002-000108,ACC0016019,IND1911000655,branch_visit,inbound,14/02/2020 15:00,Statement copy request,Please send me a copy of my latest statement and confirm the closing balance used for the month-end calculation.,negative,True,fee_dispute
COMM-202002-000109,ACC0010255,IND1907006122,branch_visit,inbound,17/02/2020 10:30,Card blocked at ATM,My card was blocked at the ATM and I need access restored or a replacement card arranged. I have an urgent payment to make.,positive,False,
COMM-202002-000110,ACC0014131,IND1909013349,branch_visit,inbound,28/02/2020 15:45,Complaint about service,The service delay is frustrating. I have followed up more than once and still do not have a proper answer.,neutral,False,
COMM-202002-000111,ACC0006350,IND1904014848,phone_call,inbound,16/02/2020 17:33,Why did my debit order fail?,"My debit order did not go through and I need to know whether it was insufficient funds, a retry problem or a bank processing issue. The account should not be charged twice.",neutral,False,
COMM-202002-000112,ACC0001298,IND1901009380,branch_visit,inbound,26/02/2020 13:15,Home Loan rate increase question,I am worried my home loan instalment may change. Please confirm whether my repayment will be repriced and from which date. I saw the article 'Digital channels reshape banking workloads as customer growth continues' and wanted to check how it affects my account.,negative,True,failed_transaction
COMM-202002-000113,ACC0004856,IND1903002897,phone_call,inbound,25/02/2020 16:52,Branch appointment request,I would like to book time at the branch to sort out my account and get printed documents for my records.,neutral,False,
COMM-202002-000114,ACC0005827,IND1904010077,phone_call,inbound,20/02/2020 17:44,Home Loan rate increase question,I am worried my home loan instalment may change. Please confirm whether my repayment will be repriced and from which date.,neutral,False,
COMM-202002-000115,ACC0010189,IND1907001952,phone_call,inbound,25/02/2020 07:03,Home Loan rate increase question,I am worried my home loan instalment may change. Please confirm whether my repayment will be repriced and from which date. I saw the article 'Digital channels reshape banking workloads as customer growth continues' and wanted to check how it affects my account.,positive,False,
COMM-202002-000116,ACC0014647,IND1910005372,branch_visit,inbound,26/02/2020 15:15,Card blocked at ATM,My card was blocked at the ATM and I need access restored or a replacement card arranged. I have an urgent payment to make.,neutral,False,
COMM-202002-000117,ACC0002846,IND1902005704,phone_call,inbound,15/02/2020 18:02,Home Loan rate increase question,"Hi there, I am worried my home loan instalment may change. Please confirm whether my repayment will be repriced and from which date.",negative,False,
COMM-202002-000118,ACC0012428,IND1908005073,phone_call,inbound,04/02/2020 17:23,Why did my debit order fail?,"My debit order did not go through and I need to know whether it was insufficient funds, a retry problem or a bank processing issue. The account should not be charged twice.",neutral,False,
COMM-202002-000119,ACC0010191,IND1907009073,phone_call,inbound,25/02/2020 08:52,Why did my debit order fail?,"My debit order did not go through and I need to know whether it was insufficient funds, a retry problem or a bank processing issue. The account should not be charged twice.",negative,True,fee_dispute
COMM-202002-000120,ACC0017668,IND1906006436,branch_visit,inbound,29/02/2020 15:20,Home Loan rate increase question,I am worried my home loan instalment may change. Please confirm whether my repayment will be repriced and from which date. I saw the article 'Statement delays add noise to month-end finance controls' and wanted to check how it affects my account.,neutral,False,
COMM-202002-000121,ACC0018221,IND19009920,phone_call,inbound,08/02/2020 18:11,Unauthorised bank charge enquiry,Please explain the latest bank charge on my statement. I cannot see why this fee was taken and I want it reversed if it was incorrect.,neutral,False,
COMM-202002-000122,ACC0000460,IND1901006127,phone_call,inbound,27/02/2020 18:35,Home Loan rate increase question,I am worried my home loan instalment may change. Please confirm whether my repayment will be repriced and from which date.,neutral,False,
COMM-202002-000123,ACC0000030,IND1901010515,branch_visit,inbound,22/02/2020 08:10,Statement copy request,Please send me a copy of my latest statement and confirm the closing balance used for the month-end calculation.,negative,True,failed_transaction
COMM-202002-000124,ACC0005969,IND1904013685,phone_call,inbound,14/02/2020 13:40,Branch appointment request,I would like to book time at the branch to sort out my account and get printed documents for my records.,negative,True,statement_error
COMM-202002-000125,ACC0002323,IND1902018302,phone_call,inbound,15/02/2020 17:13,Home Loan rate increase question,I am worried my home loan instalment may change. Please confirm whether my repayment will be repriced and from which date.,neutral,False,
COMM-202002-000126,ACC0016825,IND1911021555,phone_call,inbound,13/02/2020 15:30,Card blocked at ATM,"Hi there, My card was blocked at the ATM and I need access restored or a replacement card arranged. I have an urgent payment to make.",neutral,False,
COMM-202002-000127,ACC0018235,IND19012223,phone_call,inbound,06/02/2020 11:14,Home Loan rate increase question,I am worried my home loan instalment may change. Please confirm whether my repayment will be repriced and from which date.,negative,True,fee_dispute
COMM-202002-000128, ACC0011178 ,IND1907004500,phone_call,inbound,26/02/2020 12:14,Why did my debit order fail?,"My debit order did not go through and I need to know whether it was insufficient funds, a retry problem or a bank processing issue. The account should not be charged twice.",negative,True,failed_transaction
COMM-202002-000129,ACC0012479,IND1908009566,phone_call,inbound,15/02/2020 12:33,Home Loan rate increase question,I am worried my home loan instalment may change. Please confirm whether my repayment will be repriced and from which date. I saw the article 'Conduct teams press for clearer evidence on fees and failed payments' and wanted to check how it affects my account.,negative,True,fee_dispute
COMM-202002-000130,ACC0009895,IND1907007004,branch_visit,inbound,27/02/2020 13:00,Statement copy request,Please send me a copy of my latest statement and confirm the closing balance used for the month-end calculation.,neutral,False,
COMM-202002-000131,ACC0005188,IND1903007920,branch_visit,inbound,12/02/2020 13:30,Branch appointment request,I would like to book time at the branch to sort out my account and get printed documents for my records.,negative,True,digital_issue
COMM-202002-000132,ACC0002778,IND1902013008,branch_visit,inbound,03/02/2020 15:05,Branch appointment request,I would like to book time at the branch to sort out my account and get printed documents for my records.,positive,False,
COMM-202002-000133,ACC0012075,IND1908011763,branch_visit,inbound,05/02/2020 08:00,Complaint about service,The service delay is frustrating. I have followed up more than once and still do not have a proper answer.,negative,True,fraud_concern
COMM-202002-000134,ACC0006656,IND1904012686,branch_visit,inbound,22/02/2020 09:50,Home Loan rate increase question,I am worried my home loan instalment may change. Please confirm whether my repayment will be repriced and from which date. I saw the article 'Digital channels reshape banking workloads as customer growth continues' and wanted to check how it affects my account.,negative,True,failed_transaction
COMM-202002-000135,ACC0001480,IND1901013470,branch_visit,inbound,21/02/2020 11:00,Statement copy request,Please send me a copy of my latest statement and confirm the closing balance used for the month-end calculation.,neutral,False,
COMM-202002-000136,ACC0007877,IND1905005695,branch_visit,inbound,23/02/2020 12:45,Home Loan rate increase question,I am worried my home loan instalment may change. Please confirm whether my repayment will be repriced and from which date. I saw the article 'Digital channels reshape banking workloads as customer growth continues' and wanted to check how it affects my account.,negative,True,failed_transaction
COMM-202002-000137,ACC0015375,IND1910001009,phone_call,inbound,27/02/2020 14:25,Unauthorised bank charge enquiry,Please explain the latest bank charge on my statement. I cannot see why this fee was taken and I want it reversed if it was incorrect.,negative,True,incorrect_charge
COMM-202002-000138,ACC0003282,IND1902007494,branch_visit,inbound,08/02/2020 10:45,Cash deposit issue,I made a cash deposit but the amount is not showing correctly. Please investigate the branch or ATM record.,negative,True,other
COMM-202002-000139,ACC0010601,IND1907015607,phone_call,inbound,22/02/2020 07:52,Home Loan rate increase question,I am worried my home loan instalment may change. Please confirm whether my repayment will be repriced and from which date. I saw the article 'Retail banks sharpen arrears analytics as payment stress persists' and wanted to check how it affects my account.,negative,False,
COMM-202002-000140,ACC0007873,IND1905011865,phone_call,inbound,21/02/2020 11:58,Branch appointment request,I would like to book time at the branch to sort out my account and get printed documents for my records.,neutral,False,
COMM-202002-000141,ACC0007986,IND1905001257,branch_visit,inbound,01/02/2020 09:20,Card blocked at ATM,My card was blocked at the ATM and I need access restored or a replacement card arranged. I have an urgent payment to make.,positive,False,
COMM-202002-000142,ACC0012728,IND1908009689,phone_call,inbound,10/02/2020 17:05,Home Loan rate increase question,I am worried my home loan instalment may change. Please confirm whether my repayment will be repriced and from which date.,positive,False,
COMM-202002-000143,ACC0012886,COM1908000269,phone_call,inbound,11/02/2020 10:57,Why did my debit order fail?,"My debit order did not go through and I need to know whether it was insufficient funds, a retry problem or a bank processing issue. The account should not be charged twice.",neutral,False,
COMM-202002-000144,ACC0015748,IND1911016752,phone_call,inbound,28/02/2020 15:59,Card blocked at ATM,"Howzit, My card was blocked at the ATM and I need access restored or a replacement card arranged. I have an urgent payment to make.",negative,False,
COMM-202002-000145,ACC0008990,IND1906004746,branch_visit,inbound,12/02/2020 13:20,Branch appointment request,I would like to book time at the branch to sort out my account and get printed documents for my records.,neutral,False,
COMM-202002-000146,ACC0016524,IND1911015767,phone_call,inbound,01/02/2020 12:23,Home Loan rate increase question,"Eish, I am worried my home loan instalment may change. Please confirm whether my repayment will be repriced and from which date.",neutral,False,
COMM-202002-000147,ACC0016089,IND1911011202,branch_visit,inbound,27/02/2020 15:05,Home Loan rate increase question,I am worried my home loan instalment may change. Please confirm whether my repayment will be repriced and from which date. I saw the article 'Banking analytics agenda: five signals to watch this month' and wanted to check how it affects my account.,negative,True,fee_dispute
COMM-202002-000148,ACC0010800,IND1907004493,phone_call,inbound,10/02/2020 15:16,Card blocked at ATM,"Howzit, My card was blocked at the ATM and I need access restored or a replacement card arranged. I have an urgent payment to make.",neutral,False,
COMM-202002-000149,ACC0015238,IND1910009294,phone_call,inbound,22/02/2020 08:54,Why did my debit order fail?,"My debit order did not go through and I need to know whether it was insufficient funds, a retry problem or a bank processing issue. The account should not be charged twice.",neutral,False,
COMM-202002-000150,ACC0013973,IND1909004276,phone_call,inbound,14/02/2020 15:03,Why did my debit order fail?,"My debit order did not go through and I need to know whether it was insufficient funds, a retry problem or a bank processing issue. The account should not be charged twice.",negative,True,service_delay
COMM-202002-000151,ACC0003374,COM1902000173,phone_call,inbound,19/02/2020 13:45,Unauthorised bank charge enquiry,"Eish, Please explain the latest bank charge on my statement. I cannot see why this fee was taken and I want it reversed if it was incorrect.",neutral,False,
COMM-202002-000152,ACC0014848,IND1910011979,branch_visit,inbound,16/02/2020 10:30,Home Loan rate increase question,I am worried my home loan instalment may change. Please confirm whether my repayment will be repriced and from which date. I saw the article 'Retail banks sharpen arrears analytics as payment stress persists' and wanted to check how it affects my account.,neutral,False,
COMM-202002-000153,ACC0010438,IND1907011807,branch_visit,inbound,28/02/2020 12:45,Complaint about service,The service delay is frustrating. I have followed up more than once and still do not have a proper answer.,neutral,False,
COMM-202002-000154,ACC0004223,IND1903016897,branch_visit,inbound,14/02/2020 15:50,Why did my debit order fail?,"My debit order did not go through and I need to know whether it was insufficient funds, a retry problem or a bank processing issue. The account should not be charged twice.",negative,True,statement_error
COMM-202002-000155,ACC0012682,IND1908009302,phone_call,inbound,24/02/2020 12:11,Home Loan rate increase question,I am worried my home loan instalment may change. Please confirm whether my repayment will be repriced and from which date. I saw the article 'Statement delays add noise to month-end finance controls' and wanted to check how it affects my account.,negative,True,fee_dispute
COMM-202002-000156,ACC0016505,IND1911011309,branch_visit,inbound,20/02/2020 08:30,Home Loan rate increase question,I am worried my home loan instalment may change. Please confirm whether my repayment will be repriced and from which date. I saw the article 'Retail banks sharpen arrears analytics as payment stress persists' and wanted to check how it affects my account.,positive,False,
COMM-202002-000157,ACC0009693,IND1906006845,phone_call,inbound,19/02/2020 13:27,Branch appointment request,I would like to book time at the branch to sort out my account and get printed documents for my records.,neutral,False,
COMM-202002-000158,ACC0008847,IND1906016618,phone_call,inbound,19/02/2020 12:30,Why did my debit order fail?,"My debit order did not go through and I need to know whether it was insufficient funds, a retry problem or a bank processing issue. The account should not be charged twice.",negative,True,statement_error
COMM-202002-000159,ACC0003654,IND1903019610,branch_visit,inbound,29/02/2020 10:00,Home Loan rate increase question,I am worried my home loan instalment may change. Please confirm whether my repayment will be repriced and from which date. I saw the article 'Banking analytics agenda: five signals to watch this month' and wanted to check how it affects my account.,negative,True,fee_dispute
COMM-202002-000160,ACC0017737,IND1901003161,branch_visit,inbound,13/02/2020 13:45,Home Loan rate increase question,I am worried my home loan instalment may change. Please confirm whether my repayment will be repriced and from which date. I saw the article 'Retail banks sharpen arrears analytics as payment stress persists' and wanted to check how it affects my account.,negative,True,fee_dispute
COMM-202002-000161,ACC0013072,IND1909012584,branch_visit,inbound,28/02/2020 14:20,Home Loan rate increase question,I am worried my home loan instalment may change. Please confirm whether my repayment will be repriced and from which date. I saw the article 'Retail banks sharpen arrears analytics as payment stress persists' and wanted to check how it affects my account.,neutral,False,
COMM-202002-000162,ACC0015291,IND1910003619,phone_call,inbound,25/02/2020 17:01,Unauthorised bank charge enquiry,Please explain the latest bank charge on my statement. I cannot see why this fee was taken and I want it reversed if it was incorrect.,neutral,False,
COMM-202002-000163,ACC0000724,IND1901005518,phone_call,inbound,22/02/2020 18:18,Why did my debit order fail?,"Hi there, My debit order did not go through and I need to know whether it was insufficient funds, a retry problem or a bank processing issue. The account should not be charged twice.",negative,True,fee_dispute
COMM-202002-000164,ACC0014131,IND1909013349,phone_call,inbound,12/02/2020 17:03,Why did my debit order fail?,"My debit order did not go through and I need to know whether it was insufficient funds, a retry problem or a bank processing issue. The account should not be charged twice.",neutral,False,
COMM-202002-000165,ACC0016418,IND1911022320,phone_call,inbound,21/02/2020 17:53,Branch appointment request,I would like to book time at the branch to sort out my account and get printed documents for my records.,neutral,False,
COMM-202002-000166,ACC0015386,IND1910006234,phone_call,inbound,19/02/2020 15:20,Why did my debit order fail?,"My debit order did not go through and I need to know whether it was insufficient funds, a retry problem or a bank processing issue. The account should not be charged twice.",negative,True,incorrect_charge
COMM-202002-000167,ACC0012031,IND1908011475,phone_call,inbound,18/02/2020 10:59,Home Loan rate increase question,I am worried my home loan instalment may change. Please confirm whether my repayment will be repriced and from which date. I saw the article 'Banks watch debit-order strain as households adjust spending' and wanted to check how it affects my account.,negative,True,service_delay
COMM-202002-000168,ACC0004894,IND1903009995,phone_call,inbound,19/02/2020 14:37,Home Loan rate increase question,I am worried my home loan instalment may change. Please confirm whether my repayment will be repriced and from which date.,neutral,False,
COMM-202002-000169,ACC0010191,IND1907009073,branch_visit,inbound,01/02/2020 12:45,Complaint about service,The service delay is frustrating. I have followed up more than once and still do not have a proper answer.,negative,True,staff_behavior
COMM-202002-000170,ACC0012711,IND1908006279,phone_call,inbound,08/02/2020 09:01,Branch appointment request,I would like to book time at the branch to sort out my account and get printed documents for my records.,positive,False,
COMM-202002-000171,ACC0005392,IND1903007343,phone_call,inbound,20/02/2020 12:09,Branch appointment request,I would like to book time at the branch to sort out my account and get printed documents for my records.,negative,True,digital_issue
COMM-202002-000172,ACC0000739,IND1901008202,branch_visit,inbound,07/02/2020 14:10,Cash deposit issue,I made a cash deposit but the amount is not showing correctly. Please investigate the branch or ATM record.,negative,False,
COMM-202002-000173,ACC0008582,IND1906004596,branch_visit,inbound,03/02/2020 12:10,Why did my debit order fail?,"My debit order did not go through and I need to know whether it was insufficient funds, a retry problem or a bank processing issue. The account should not be charged twice.",negative,True,incorrect_charge
COMM-202002-000174,ACC0004054,IND1903013514,branch_visit,inbound,10/02/2020 15:20,Why did my debit order fail?,"My debit order did not go through and I need to know whether it was insufficient funds, a retry problem or a bank processing issue. The account should not be charged twice.",negative,True,fee_dispute
COMM-202002-000175,ACC0017862,IND1909015672,phone_call,inbound,29/02/2020 12:49,Why did my debit order fail?,"My debit order did not go through and I need to know whether it was insufficient funds, a retry problem or a bank processing issue. The account should not be charged twice.",neutral,False,
COMM-202002-000176,ACC0012479,IND1908009566,phone_call,inbound,10/02/2020 13:38,Why did my debit order fail?,"My debit order did not go through and I need to know whether it was insufficient funds, a retry problem or a bank processing issue. The account should not be charged twice.",negative,True,statement_error
COMM-202002-000177,ACC0006146,IND1904007765,phone_call,inbound,14/02/2020 12:46,Home Loan rate increase question,I am worried my home loan instalment may change. Please confirm whether my repayment will be repriced and from which date.,neutral,False,
COMM-202002-000178, ACC0011178 ,IND1907004500,phone_call,inbound,21/02/2020 14:56,Why did my debit order fail?,"My debit order did not go through and I need to know whether it was insufficient funds, a retry problem or a bank processing issue. The account should not be charged twice.",negative,True,fee_dispute
COMM-202002-000179,ACC0013252,IND1909013567,branch_visit,inbound,22/02/2020 13:50,Complaint about service,The service delay is frustrating. I have followed up more than once and still do not have a proper answer.,neutral,False,
COMM-202002-000180,ACC0009656,IND1906008180,branch_visit,inbound,26/02/2020 09:45,Statement copy request,Please send me a copy of my latest statement and confirm the closing balance used for the month-end calculation.,negative,True,failed_transaction
COMM-202002-000181,ACC0007036,IND1905002916,phone_call,inbound,27/02/2020 15:18,Card blocked at ATM,My card was blocked at the ATM and I need access restored or a replacement card arranged. I have an urgent payment to make.,neutral,False,
COMM-202002-000182,ACC0002219,IND1902006312,branch_visit,inbound,09/02/2020 09:50,Cash deposit issue,I made a cash deposit but the amount is not showing correctly. Please investigate the branch or ATM record.,negative,True,statement_error
COMM-202002-000183,ACC0006855,IND1904009563,branch_visit,inbound,01/02/2020 11:50,Statement copy request,Please send me a copy of my latest statement and confirm the closing balance used for the month-end calculation.,neutral,False,
COMM-202002-000184,ACC0003488,IND1903014528,branch_visit,inbound,01/02/2020 13:15,Complaint about service,The service delay is frustrating. I have followed up more than once and still do not have a proper answer.,positive,False,
COMM-202002-000185,ACC0011553,IND1908016071,branch_visit,inbound,27/02/2020 15:05,Branch appointment request,I would like to book time at the branch to sort out my account and get printed documents for my records.,negative,True,digital_issue
COMM-202002-000186,ACC0014560,IND1910002699,phone_call,inbound,20/02/2020 14:46,Unauthorised bank charge enquiry,Please explain the latest bank charge on my statement. I cannot see why this fee was taken and I want it reversed if it was incorrect.,positive,False,
COMM-202002-000187,ACC0007830,IND1905002077,phone_call,inbound,19/02/2020 13:55,Unauthorised bank charge enquiry,Please explain the latest bank charge on my statement. I cannot see why this fee was taken and I want it reversed if it was incorrect.,positive,False,
COMM-202002-000188,ACC0012554,IND1908017928,phone_call,inbound,03/02/2020 08:25,Home Loan rate increase question,I am worried my home loan instalment may change. Please confirm whether my repayment will be repriced and from which date.,positive,False,
COMM-202002-000189,ACC0008306,IND1905000077,branch_visit,inbound,22/02/2020 09:45,Why did my debit order fail?,"My debit order did not go through and I need to know whether it was insufficient funds, a retry problem or a bank processing issue. The account should not be charged twice.",negative,True,statement_error
COMM-202002-000190,ACC0016922,IND1911019961,phone_call,inbound,22/02/2020 13:29,Why did my debit order fail?,"My debit order did not go through and I need to know whether it was insufficient funds, a retry problem or a bank processing issue. The account should not be charged twice.",positive,False,
COMM-202002-000191,ACC0013445,IND1909012590,branch_visit,inbound,27/02/2020 10:20,Home Loan rate increase question,I am worried my home loan instalment may change. Please confirm whether my repayment will be repriced and from which date. I saw the article 'Banks watch debit-order strain as households adjust spending' and wanted to check how it affects my account.,negative,True,service_delay
COMM-202002-000192,ACC0002465,IND1902016811,phone_call,inbound,19/02/2020 11:08,Why did my debit order fail?,"My debit order did not go through and I need to know whether it was insufficient funds, a retry problem or a bank processing issue. The account should not be charged twice.",negative,True,other
COMM-202002-000193,ACC0004415,IND1903009259,phone_call,inbound,22/02/2020 13:49,Home Loan rate increase question,"Hi there, I am worried my home loan instalment may change. Please confirm whether my repayment will be repriced and from which date. I saw the article 'Banking analytics agenda: five signals to watch this month' and wanted to check how it affects my account.",neutral,False,
COMM-202002-000194,ACC0001046,IND1901014386,branch_visit,inbound,13/02/2020 13:30,Card blocked at ATM,My card was blocked at the ATM and I need access restored or a replacement card arranged. I have an urgent payment to make.,neutral,False,
COMM-202002-000195,ACC0002752,IND1902001256,branch_visit,inbound,16/02/2020 09:30,Branch appointment request,I would like to book time at the branch to sort out my account and get printed documents for my records.,neutral,False,
COMM-202002-000196,ACC0008749,IND1906007392,phone_call,inbound,14/02/2020 16:32,Unauthorised bank charge enquiry,Please explain the latest bank charge on my statement. I cannot see why this fee was taken and I want it reversed if it was incorrect.,positive,False,
COMM-202002-000197,ACC0009058,IND1906014396,phone_call,inbound,02/02/2020 08:23,Why did my debit order fail?,"My debit order did not go through and I need to know whether it was insufficient funds, a retry problem or a bank processing issue. The account should not be charged twice.",neutral,False,
COMM-202002-000198,ACC0001676,COM1901000298,branch_visit,inbound,21/02/2020 12:15,Home Loan rate increase question,I am worried my home loan instalment may change. Please confirm whether my repayment will be repriced and from which date. I saw the article 'Banks watch debit-order strain as households adjust spending' and wanted to check how it affects my account.,neutral,False,
COMM-202002-000199,ACC0004957,IND1903010591,phone_call,inbound,29/02/2020 10:43,Unauthorised bank charge enquiry,Please explain the latest bank charge on my statement. I cannot see why this fee was taken and I want it reversed if it was incorrect.,neutral,False,
COMM-202002-000200,ACC0008767,IND1906008285,phone_call,inbound,29/02/2020 14:17,Why did my debit order fail?,"My debit order did not go through and I need to know whether it was insufficient funds, a retry problem or a bank processing issue. The account should not be charged twice.",negative,True,other
COMM-202002-000201,ACC0013373,IND1909006008,branch_visit,inbound,26/02/2020 13:05,Branch appointment request,I would like to book time at the branch to sort out my account and get printed documents for my records.,neutral,False,
COMM-202002-000202,ACC0016547,IND1911008923,phone_call,inbound,23/02/2020 10:13,Card blocked at ATM,My card was blocked at the ATM and I need access restored or a replacement card arranged. I have an urgent payment to make.,neutral,False,
COMM-202002-000203,ACC0017412,IND19004362,phone_call,inbound,19/02/2020 14:31,Branch appointment request,I would like to book time at the branch to sort out my account and get printed documents for my records.,negative,True,statement_error
COMM-202002-000204,ACC0005639,IND1904002056,phone_call,inbound,19/02/2020 08:01,Home Loan rate increase question,I am worried my home loan instalment may change. Please confirm whether my repayment will be repriced and from which date.,neutral,False,
COMM-202002-000205,ACC0005107,IND1903001030,branch_visit,inbound,28/02/2020 14:05,Home Loan rate increase question,I am worried my home loan instalment may change. Please confirm whether my repayment will be repriced and from which date. I saw the article 'Operational resilience returns to the agenda after payment interruptions' and wanted to check how it affects my account.,neutral,False,
COMM-202002-000206,ACC0009512,IND1906008009,phone_call,inbound,22/02/2020 10:30,Why did my debit order fail?,"Hi there, My debit order did not go through and I need to know whether it was insufficient funds, a retry problem or a bank processing issue. The account should not be charged twice.",negative,True,staff_behavior
COMM-202002-000207,ACC0010992,IND1907014740,phone_call,inbound,25/02/2020 10:25,Why did my debit order fail?,"My debit order did not go through and I need to know whether it was insufficient funds, a retry problem or a bank processing issue. The account should not be charged twice.",neutral,False,
COMM-202002-000208,ACC0000184,IND1901000180,phone_call,inbound,21/02/2020 14:09,Home Loan rate increase question,I am worried my home loan instalment may change. Please confirm whether my repayment will be repriced and from which date. I saw the article 'Conduct teams press for clearer evidence on fees and failed payments' and wanted to check how it affects my account.,neutral,False,
COMM-202002-000209,ACC0008045,IND1905006260,branch_visit,inbound,09/02/2020 11:05,Branch appointment request,I would like to book time at the branch to sort out my account and get printed documents for my records.,positive,False,
COMM-202002-000210,ACC0003067,IND1902018432,phone_call,inbound,10/02/2020 18:16,Home Loan rate increase question,I am worried my home loan instalment may change. Please confirm whether my repayment will be repriced and from which date.,neutral,False,
COMM-202002-000211,ACC0010231,IND1907000571,phone_call,inbound,14/02/2020 13:14,Home Loan rate increase question,I am worried my home loan instalment may change. Please confirm whether my repayment will be repriced and from which date. I saw the article 'Conduct teams press for clearer evidence on fees and failed payments' and wanted to check how it affects my account.,negative,True,fee_dispute
COMM-202002-000212,ACC0004881,IND1903013014,phone_call,inbound,22/02/2020 12:03,Why did my debit order fail?,"My debit order did not go through and I need to know whether it was insufficient funds, a retry problem or a bank processing issue. The account should not be charged twice.",negative,True,failed_transaction
COMM-202002-000213,ACC0015763,IND1911000944,branch_visit,inbound,23/02/2020 10:50,Branch appointment request,I would like to book time at the branch to sort out my account and get printed documents for my records.,negative,False,
COMM-202002-000214,ACC0006689,IND1904001053,branch_visit,inbound,21/02/2020 14:20,Home Loan rate increase question,I am worried my home loan instalment may change. Please confirm whether my repayment will be repriced and from which date. I saw the article 'Digital channels reshape banking workloads as customer growth continues' and wanted to check how it affects my account.,neutral,False,
COMM-202002-000215,ACC0007396,IND1905001029,branch_visit,inbound,14/02/2020 14:00,Card blocked at ATM,My card was blocked at the ATM and I need access restored or a replacement card arranged. I have an urgent payment to make.,negative,False,
COMM-202002-000216,ACC0011775,IND1908000105,branch_visit,inbound,11/02/2020 08:20,Cash deposit issue,I made a cash deposit but the amount is not showing correctly. Please investigate the branch or ATM record.,neutral,False,
COMM-202002-000217,ACC0012988,IND1909009072,branch_visit,inbound,21/02/2020 11:20,Home Loan rate increase question,I am worried my home loan instalment may change. Please confirm whether my repayment will be repriced and from which date. I saw the article 'Digital channels reshape banking workloads as customer growth continues' and wanted to check how it affects my account.,neutral,False,
COMM-202002-000218,ACC0002541,IND1902004970,branch_visit,inbound,22/02/2020 13:10,Home Loan rate increase question,I am worried my home loan instalment may change. Please confirm whether my repayment will be repriced and from which date. I saw the article 'Statement delays add noise to month-end finance controls' and wanted to check how it affects my account.,neutral,False,
COMM-202002-000219,ACC0005741,IND1904003833,branch_visit,inbound,08/02/2020 09:50,Cash deposit issue,I made a cash deposit but the amount is not showing correctly. Please investigate the branch or ATM record.,positive,False,
COMM-202002-000220,ACC0013973,IND1909004276,phone_call,inbound,08/02/2020 09:53,Home Loan rate increase question,I am worried my home loan instalment may change. Please confirm whether my repayment will be repriced and from which date.,negative,True,failed_transaction
COMM-202002-000221,ACC0002819,IND1902016628,branch_visit,inbound,28/02/2020 12:15,Card blocked at ATM,My card was blocked at the ATM and I need access restored or a replacement card arranged. I have an urgent payment to make.,neutral,False,
COMM-202002-000222,ACC0009830,IND1906007707,phone_call,inbound,07/02/2020 12:58,Unauthorised bank charge enquiry,Please explain the latest bank charge on my statement. I cannot see why this fee was taken and I want it reversed if it was incorrect.,neutral,False,
COMM-202002-000223,ACC0009208,IND1906014920,branch_visit,inbound,21/02/2020 14:20,Statement copy request,Please send me a copy of my latest statement and confirm the closing balance used for the month-end calculation.,negative,False,
COMM-202002-000224,ACC0014617,IND1910006637,branch_visit,inbound,02/02/2020 09:30,Cash deposit issue,I made a cash deposit but the amount is not showing correctly. Please investigate the branch or ATM record.,neutral,False,
COMM-202002-000225,ACC0016443,IND1911011227,phone_call,inbound,20/02/2020 11:16,Unauthorised bank charge enquiry,Please explain the latest bank charge on my statement. I cannot see why this fee was taken and I want it reversed if it was incorrect.,neutral,False,
COMM-202002-000226,ACC0001963,IND1902000852,branch_visit,inbound,13/02/2020 09:45,Home Loan rate increase question,I am worried my home loan instalment may change. Please confirm whether my repayment will be repriced and from which date. I saw the article 'Statement delays add noise to month-end finance controls' and wanted to check how it affects my account.,negative,False,
COMM-202002-000227,ACC0008095,IND1905003250,branch_visit,inbound,26/02/2020 10:15,Home Loan rate increase question,I am worried my home loan instalment may change. Please confirm whether my repayment will be repriced and from which date. I saw the article 'Conduct teams press for clearer evidence on fees and failed payments' and wanted to check how it affects my account.,positive,False,
COMM-202002-000228,ACC0004297,IND1903005893,branch_visit,inbound,25/02/2020 08:05,Home Loan rate increase question,I am worried my home loan instalment may change. Please confirm whether my repayment will be repriced and from which date. I saw the article 'Statement delays add noise to month-end finance controls' and wanted to check how it affects my account.,positive,False,
COMM-202002-000229,ACC0006687,IND1904007346,branch_visit,inbound,18/02/2020 13:00,Cash deposit issue,I made a cash deposit but the amount is not showing correctly. Please investigate the branch or ATM record.,negative,False,
COMM-202002-000230,ACC0012573,IND1908004723,phone_call,inbound,10/02/2020 07:08,Why did my debit order fail?,"My debit order did not go through and I need to know whether it was insufficient funds, a retry problem or a bank processing issue. The account should not be charged twice.",negative,True,fee_dispute
COMM-202002-000231,ACC0000531,IND1901010760,phone_call,inbound,21/02/2020 07:48,Why did my debit order fail?,"My debit order did not go through and I need to know whether it was insufficient funds, a retry problem or a bank processing issue. The account should not be charged twice.",negative,True,fee_dispute
COMM-202002-000232,ACC0007083,IND1905014120,phone_call,inbound,03/02/2020 10:23,Card blocked at ATM,My card was blocked at the ATM and I need access restored or a replacement card arranged. I have an urgent payment to make.,neutral,False,
COMM-202002-000233,ACC0006313,IND1904007722,branch_visit,inbound,18/02/2020 13:20,Statement copy request,Please send me a copy of my latest statement and confirm the closing balance used for the month-end calculation.,negative,True,staff_behavior
COMM-202002-000234,ACC0002608,IND1902002868,branch_visit,inbound,20/02/2020 15:50,Home Loan rate increase question,I am worried my home loan instalment may change. Please confirm whether my repayment will be repriced and from which date. I saw the article 'Digital channels reshape banking workloads as customer growth continues' and wanted to check how it affects my account.,neutral,False,
COMM-202002-000235,ACC0011052,IND1907004930,phone_call,inbound,16/02/2020 12:21,Card blocked at ATM,My card was blocked at the ATM and I need access restored or a replacement card arranged. I have an urgent payment to make.,negative,False,
COMM-202002-000236,ACC0010261,IND1907005180,phone_call,inbound,26/02/2020 18:57,Why did my debit order fail?,"My debit order did not go through and I need to know whether it was insufficient funds, a retry problem or a bank processing issue. The account should not be charged twice.",negative,True,fee_dispute
COMM-202002-000237,ACC0003282,IND1902007494,branch_visit,inbound,24/02/2020 15:20,Home Loan rate increase question,I am worried my home loan instalment may change. Please confirm whether my repayment will be repriced and from which date. I saw the article 'Banking analytics agenda: five signals to watch this month' and wanted to check how it affects my account.,negative,True,fee_dispute
COMM-202002-000238,ACC0001167,IND1901004585,phone_call,inbound,16/02/2020 16:46,Card blocked at ATM,My card was blocked at the ATM and I need access restored or a replacement card arranged. I have an urgent payment to make.,negative,True,digital_issue
COMM-202002-000239,ACC0006597,IND1904011302,phone_call,inbound,25/02/2020 09:51,Home Loan rate increase question,I am worried my home loan instalment may change. Please confirm whether my repayment will be repriced and from which date. I saw the article 'Conduct teams press for clearer evidence on fees and failed payments' and wanted to check how it affects my account.,negative,False,
COMM-202002-000240,ACC0013302,IND1909007223,branch_visit,inbound,25/02/2020 11:15,Branch appointment request,I would like to book time at the branch to sort out my account and get printed documents for my records.,negative,True,staff_behavior
COMM-202002-000241,ACC0009192,IND1906014229,phone_call,inbound,29/02/2020 16:20,Branch appointment request,I would like to book time at the branch to sort out my account and get printed documents for my records.,neutral,False,
COMM-202002-000242,ACC0005209,IND1903020091,branch_visit,inbound,14/02/2020 13:15,Why did my debit order fail?,"My debit order did not go through and I need to know whether it was insufficient funds, a retry problem or a bank processing issue. The account should not be charged twice.",negative,True,statement_error
COMM-202002-000243,ACC0004881,IND1903013014,branch_visit,inbound,21/02/2020 09:30,Home Loan rate increase question,I am worried my home loan instalment may change. Please confirm whether my repayment will be repriced and from which date. I saw the article 'Retail banks sharpen arrears analytics as payment stress persists' and wanted to check how it affects my account.,negative,True,fee_dispute
COMM-202002-000244,ACC0018235,IND19012223,phone_call,inbound,19/02/2020 07:41,Card blocked at ATM,My card was blocked at the ATM and I need access restored or a replacement card arranged. I have an urgent payment to make.,neutral,False,
COMM-202002-000245,ACC0000959,IND1901007081,branch_visit,inbound,11/02/2020 11:05,Cash deposit issue,I made a cash deposit but the amount is not showing correctly. Please investigate the branch or ATM record.,neutral,False,
COMM-202002-000246,ACC0008475,IND1906010377,phone_call,inbound,11/02/2020 14:06,Why did my debit order fail?,"My debit order did not go through and I need to know whether it was insufficient funds, a retry problem or a bank processing issue. The account should not be charged twice.",neutral,False,
COMM-202002-000247,ACC0010240,IND1907016260,phone_call,inbound,04/02/2020 17:15,Home Loan rate increase question,"Hi there, I am worried my home loan instalment may change. Please confirm whether my repayment will be repriced and from which date.",negative,False,
COMM-202002-000248,ACC0007553,IND1905009011,phone_call,inbound,29/02/2020 15:45,Why did my debit order fail?,"My debit order did not go through and I need to know whether it was insufficient funds, a retry problem or a bank processing issue. The account should not be charged twice.",negative,True,staff_behavior
COMM-202002-000249,ACC0010922,IND1907012101,phone_call,inbound,07/02/2020 09:23,Branch appointment request,I would like to book time at the branch to sort out my account and get printed documents for my records.,positive,False,
COMM-202002-000250,ACC0012782,IND1908006349,branch_visit,inbound,21/02/2020 11:00,Why did my debit order fail?,"My debit order did not go through and I need to know whether it was insufficient funds, a retry problem or a bank processing issue. The account should not be charged twice.",negative,True,fraud_concern
COMM-202002-000251,ACC0017801,IND19002184,branch_visit,inbound,10/02/2020 14:30,Card blocked at ATM,My card was blocked at the ATM and I need access restored or a replacement card arranged. I have an urgent payment to make.,negative,True,fraud_concern
COMM-202002-000252,ACC0010788,IND1907007228,phone_call,inbound,24/02/2020 16:10,Home Loan rate increase question,I am worried my home loan instalment may change. Please confirm whether my repayment will be repriced and from which date.,negative,True,fee_dispute
COMM-202002-000253,ACC0000184,IND1901000180,branch_visit,inbound,10/02/2020 11:00,Branch appointment request,I would like to book time at the branch to sort out my account and get printed documents for my records.,negative,True,incorrect_charge
COMM-202002-000254,ACC0000608,IND1901000251,branch_visit,inbound,13/02/2020 08:20,Card blocked at ATM,My card was blocked at the ATM and I need access restored or a replacement card arranged. I have an urgent payment to make.,negative,True,digital_issue
COMM-202002-000255,ACC0016633,IND1911020502,phone_call,inbound,14/02/2020 07:27,Home Loan rate increase question,I am worried my home loan instalment may change. Please confirm whether my repayment will be repriced and from which date.,neutral,False,
COMM-202002-000256,ACC0008558,IND1906015819,phone_call,inbound,23/02/2020 15:23,Card blocked at ATM,My card was blocked at the ATM and I need access restored or a replacement card arranged. I have an urgent payment to make.,negative,True,incorrect_charge
COMM-202002-000257,ACC0002846,IND1902005704,phone_call,inbound,23/02/2020 07:50,Home Loan rate increase question,I am worried my home loan instalment may change. Please confirm whether my repayment will be repriced and from which date.,neutral,False,
COMM-202002-000258,ACC0007007,IND1905013522,branch_visit,inbound,19/02/2020 15:50,Complaint about service,The service delay is frustrating. I have followed up more than once and still do not have a proper answer.,neutral,False,
COMM-202002-000259,ACC0007465,IND1905013094,phone_call,inbound,06/02/2020 12:33,Why did my debit order fail?,"My debit order did not go through and I need to know whether it was insufficient funds, a retry problem or a bank processing issue. The account should not be charged twice.",negative,True,service_delay
COMM-202002-000260,ACC0013155,IND1909015963,branch_visit,inbound,25/02/2020 09:15,Why did my debit order fail?,"My debit order did not go through and I need to know whether it was insufficient funds, a retry problem or a bank processing issue. The account should not be charged twice.",negative,True,fraud_concern
COMM-202002-000261,ACC0015547,IND1911001437,phone_call,inbound,05/02/2020 18:24,Unauthorised bank charge enquiry,Please explain the latest bank charge on my statement. I cannot see why this fee was taken and I want it reversed if it was incorrect.,positive,False,
COMM-202002-000262,ACC0005870,IND1904014876,branch_visit,inbound,25/02/2020 13:50,Home Loan rate increase question,I am worried my home loan instalment may change. Please confirm whether my repayment will be repriced and from which date. I saw the article 'Statement delays add noise to month-end finance controls' and wanted to check how it affects my account.,neutral,False,
COMM-202002-000263,ACC0011126,IND1907006577,phone_call,inbound,14/02/2020 15:11,Card blocked at ATM,My card was blocked at the ATM and I need access restored or a replacement card arranged. I have an urgent payment to make.,neutral,False,
COMM-202002-000264,ACC0017736,IND1908012919,branch_visit,inbound,26/02/2020 09:05,Why did my debit order fail?,"My debit order did not go through and I need to know whether it was insufficient funds, a retry problem or a bank processing issue. The account should not be charged twice.",negative,True,digital_issue
COMM-202002-000265,ACC0015012,IND1910011895,branch_visit,inbound,07/02/2020 12:50,Why did my debit order fail?,"My debit order did not go through and I need to know whether it was insufficient funds, a retry problem or a bank processing issue. The account should not be charged twice.",negative,True,other
COMM-202002-000266, ACC0017242 ,IND19011983,branch_visit,inbound,20/02/2020 15:15,Branch appointment request,I would like to book time at the branch to sort out my account and get printed documents for my records.,negative,True,staff_behavior
COMM-202002-000267,ACC0016443,IND1911011227,branch_visit,inbound,13/02/2020 09:30,Complaint about service,The service delay is frustrating. I have followed up more than once and still do not have a proper answer.,neutral,False,
COMM-202002-000268,ACC0001644,COM1901000369,phone_call,inbound,21/02/2020 11:36,Unauthorised bank charge enquiry,Please explain the latest bank charge on my statement. I cannot see why this fee was taken and I want it reversed if it was incorrect.,negative,True,statement_error
COMM-202002-000269,ACC0008624,IND1906014911,phone_call,inbound,16/02/2020 13:54,Branch appointment request,I would like to book time at the branch to sort out my account and get printed documents for my records.,negative,False,
COMM-202002-000270,ACC0013105,IND1909016748,branch_visit,inbound,22/02/2020 15:50,Home Loan rate increase question,I am worried my home loan instalment may change. Please confirm whether my repayment will be repriced and from which date. I saw the article 'Banking analytics agenda: five signals to watch this month' and wanted to check how it affects my account.,negative,True,service_delay
COMM-202002-000271,ACC0016747,IND1911011048,phone_call,inbound,02/02/2020 18:49,Card blocked at ATM,My card was blocked at the ATM and I need access restored or a replacement card arranged. I have an urgent payment to make.,negative,True,service_delay
COMM-202002-000272,ACC0005017,IND1903013167,phone_call,inbound,12/02/2020 11:22,Branch appointment request,I would like to book time at the branch to sort out my account and get printed documents for my records.,positive,False,
COMM-202002-000273,ACC0009824,IND1906005414,phone_call,inbound,15/02/2020 12:45,Why did my debit order fail?,"My debit order did not go through and I need to know whether it was insufficient funds, a retry problem or a bank processing issue. The account should not be charged twice.",negative,True,failed_transaction
COMM-202002-000274,ACC0012479,IND1908009566,phone_call,inbound,14/02/2020 16:02,Card blocked at ATM,My card was blocked at the ATM and I need access restored or a replacement card arranged. I have an urgent payment to make.,neutral,False,
COMM-202002-000275,ACC0011096,IND1907003534,branch_visit,inbound,28/02/2020 15:00,Why did my debit order fail?,"My debit order did not go through and I need to know whether it was insufficient funds, a retry problem or a bank processing issue. The account should not be charged twice.",negative,True,fee_dispute
COMM-202002-000276,ACC0012415,IND1908001636,phone_call,inbound,19/02/2020 17:01,Why did my debit order fail?,"My debit order did not go through and I need to know whether it was insufficient funds, a retry problem or a bank processing issue. The account should not be charged twice.",negative,True,staff_behavior
COMM-202002-000277,ACC0013317,IND1909008051,branch_visit,inbound,23/02/2020 08:20,Complaint about service,The service delay is frustrating. I have followed up more than once and still do not have a proper answer.,positive,False,
COMM-202002-000278,ACC0016430,IND1911009973,branch_visit,inbound,08/02/2020 15:05,Statement copy request,Please send me a copy of my latest statement and confirm the closing balance used for the month-end calculation.,negative,True,staff_behavior
COMM-202002-000279,ACC0012583,IND1908004856,phone_call,inbound,28/02/2020 16:40,Branch appointment request,I would like to book time at the branch to sort out my account and get printed documents for my records.,neutral,False,
COMM-202002-000280,ACC0005639,IND1904002056,branch_visit,inbound,14/02/2020 09:05,Complaint about service,The service delay is frustrating. I have followed up more than once and still do not have a proper answer.,neutral,False,
COMM-202002-000281,ACC0005969,IND1904013685,phone_call,inbound,06/02/2020 07:09,Why did my debit order fail?,"My debit order did not go through and I need to know whether it was insufficient funds, a retry problem or a bank processing issue. The account should not be charged twice.",neutral,False,
COMM-202002-000282,ACC0018319,IND19009350,phone_call,inbound,26/02/2020 08:08,Home Loan rate increase question,I am worried my home loan instalment may change. Please confirm whether my repayment will be repriced and from which date. I saw the article 'Banks watch debit-order strain as households adjust spending' and wanted to check how it affects my account.,negative,True,fee_dispute
COMM-202002-000283,ACC0010015,IND1907004209,branch_visit,inbound,03/02/2020 10:45,Why did my debit order fail?,"My debit order did not go through and I need to know whether it was insufficient funds, a retry problem or a bank processing issue. The account should not be charged twice.",negative,True,fee_dispute
COMM-202002-000284,ACC0018038,IND19009488,phone_call,inbound,05/02/2020 18:27,Branch appointment request,I would like to book time at the branch to sort out my account and get printed documents for my records.,neutral,False,
COMM-202002-000285,ACC0015090,IND1910002759,branch_visit,inbound,12/02/2020 14:45,Cash deposit issue,I made a cash deposit but the amount is not showing correctly. Please investigate the branch or ATM record.,neutral,False,
COMM-202002-000286,ACC0016227,IND1911004473,branch_visit,inbound,09/02/2020 11:00,Statement copy request,Please send me a copy of my latest statement and confirm the closing balance used for the month-end calculation.,positive,False,
COMM-202002-000287,ACC0002465,IND1902016811,branch_visit,inbound,23/02/2020 10:00,Statement copy request,Please send me a copy of my latest statement and confirm the closing balance used for the month-end calculation.,neutral,False,
COMM-202002-000288,ACC0010056,IND1907006786,phone_call,inbound,16/02/2020 18:14,Why did my debit order fail?,"My debit order did not go through and I need to know whether it was insufficient funds, a retry problem or a bank processing issue. The account should not be charged twice.",negative,True,failed_transaction
COMM-202002-000289,ACC0010922,IND1907012101,branch_visit,inbound,12/02/2020 11:50,Why did my debit order fail?,"My debit order did not go through and I need to know whether it was insufficient funds, a retry problem or a bank processing issue. The account should not be charged twice.",negative,True,fraud_concern
COMM-202002-000290,ACC0001266,IND1901016300,phone_call,inbound,27/02/2020 17:03,Unauthorised bank charge enquiry,Please explain the latest bank charge on my statement. I cannot see why this fee was taken and I want it reversed if it was incorrect.,neutral,False,
COMM-202002-000291,ACC0010520,IND1907001812,branch_visit,inbound,25/02/2020 08:10,Complaint about service,The service delay is frustrating. I have followed up more than once and still do not have a proper answer.,negative,True,staff_behavior
COMM-202002-000292,ACC0001215,IND1901009203,branch_visit,inbound,06/02/2020 15:10,Complaint about service,The service delay is frustrating. I have followed up more than once and still do not have a proper answer.,neutral,False,
COMM-202002-000293,ACC0016257,IND1911002620,branch_visit,inbound,15/02/2020 08:10,Statement copy request,Please send me a copy of my latest statement and confirm the closing balance used for the month-end calculation.,neutral,False,
COMM-202002-000294,ACC0005980,IND1904012426,branch_visit,inbound,12/02/2020 15:50,Complaint about service,The service delay is frustrating. I have followed up more than once and still do not have a proper answer.,neutral,False,
COMM-202002-000295,ACC0000975,IND1901015550,branch_visit,inbound,27/02/2020 10:15,Branch appointment request,I would like to book time at the branch to sort out my account and get printed documents for my records.,positive,False,
COMM-202002-000296,ACC0001129,IND1901005846,branch_visit,inbound,09/02/2020 13:10,Complaint about service,The service delay is frustrating. I have followed up more than once and still do not have a proper answer.,negative,True,incorrect_charge
COMM-202002-000297,ACC0007279,IND1905007959,phone_call,inbound,11/02/2020 13:14,Home Loan rate increase question,I am worried my home loan instalment may change. Please confirm whether my repayment will be repriced and from which date.,neutral,False,
COMM-202002-000298,ACC0018078,IND1912013011,branch_visit,inbound,20/02/2020 14:00,Home Loan rate increase question,I am worried my home loan instalment may change. Please confirm whether my repayment will be repriced and from which date. I saw the article 'Operational resilience returns to the agenda after payment interruptions' and wanted to check how it affects my account.,neutral,False,
COMM-202002-000299,ACC0016219,IND1911014050,branch_visit,inbound,04/02/2020 13:00,Branch appointment request,I would like to book time at the branch to sort out my account and get printed documents for my records.,negative,True,fee_dispute
COMM-202002-000300,ACC0006424,IND1904005129,phone_call,inbound,14/02/2020 13:01,Why did my debit order fail?,"My debit order did not go through and I need to know whether it was insufficient funds, a retry problem or a bank processing issue. The account should not be charged twice.",negative,True,staff_behavior
COMM-202002-000301,ACC0012779,IND1908015603,phone_call,inbound,04/02/2020 13:05,Home Loan rate increase question,I am worried my home loan instalment may change. Please confirm whether my repayment will be repriced and from which date.,neutral,False,
COMM-202002-000302,ACC0016049,IND1911007167,phone_call,inbound,03/02/2020 09:26,Why did my debit order fail?,"My debit order did not go through and I need to know whether it was insufficient funds, a retry problem or a bank processing issue. The account should not be charged twice.",neutral,False,
COMM-202002-000303,ACC0017571,IND19014161,phone_call,inbound,24/02/2020 18:26,Home Loan rate increase question,I am worried my home loan instalment may change. Please confirm whether my repayment will be repriced and from which date.,neutral,False,
COMM-202002-000304,ACC0009163,IND1906005213,branch_visit,inbound,28/02/2020 13:10,Card blocked at ATM,My card was blocked at the ATM and I need access restored or a replacement card arranged. I have an urgent payment to make.,negative,True,incorrect_charge
COMM-202002-000305,ACC0012470,IND1908001172,branch_visit,inbound,16/02/2020 12:20,Card blocked at ATM,My card was blocked at the ATM and I need access restored or a replacement card arranged. I have an urgent payment to make.,neutral,False,
COMM-202002-000306,ACC0001167,IND1901004585,phone_call,inbound,25/02/2020 09:52,Home Loan rate increase question,I am worried my home loan instalment may change. Please confirm whether my repayment will be repriced and from which date. I saw the article 'Operational resilience returns to the agenda after payment interruptions' and wanted to check how it affects my account.,neutral,False,
COMM-202002-000307,ACC0012224,IND1908014262,branch_visit,inbound,27/02/2020 13:15,Branch appointment request,I would like to book time at the branch to sort out my account and get printed documents for my records.,neutral,False,
COMM-202002-000308,ACC0001554,IND1901011219,phone_call,inbound,08/02/2020 15:33,Unauthorised bank charge enquiry,Please explain the latest bank charge on my statement. I cannot see why this fee was taken and I want it reversed if it was incorrect.,positive,False,
COMM-202002-000309,ACC0002565,IND1902014379,branch_visit,inbound,12/02/2020 08:45,Complaint about service,The service delay is frustrating. I have followed up more than once and still do not have a proper answer.,positive,False,
COMM-202002-000310,ACC0005320,IND1903021052,phone_call,inbound,15/02/2020 16:04,Branch appointment request,I would like to book time at the branch to sort out my account and get printed documents for my records.,negative,False,
COMM-202002-000311,ACC0000600,IND1901006065,branch_visit,inbound,23/02/2020 12:45,Cash deposit issue,I made a cash deposit but the amount is not showing correctly. Please investigate the branch or ATM record.,neutral,False,
COMM-202002-000312,ACC0005209,IND1903020091,phone_call,inbound,08/02/2020 16:15,Branch appointment request,I would like to book time at the branch to sort out my account and get printed documents for my records.,negative,True,failed_transaction
COMM-202002-000313,ACC0012778,IND1908018174,phone_call,inbound,23/02/2020 14:38,Unauthorised bank charge enquiry,Please explain the latest bank charge on my statement. I cannot see why this fee was taken and I want it reversed if it was incorrect.,neutral,False,
COMM-202002-000314,ACC0004667,IND1903010993,phone_call,inbound,20/02/2020 16:02,Unauthorised bank charge enquiry,Please explain the latest bank charge on my statement. I cannot see why this fee was taken and I want it reversed if it was incorrect.,neutral,False,
COMM-202002-000315,ACC0009477,IND1906005919,phone_call,inbound,03/02/2020 11:20,Card blocked at ATM,My card was blocked at the ATM and I need access restored or a replacement card arranged. I have an urgent payment to make.,negative,True,failed_transaction
COMM-202002-000316,ACC0007122,IND1905013876,branch_visit,inbound,12/02/2020 15:30,Home Loan rate increase question,I am worried my home loan instalment may change. Please confirm whether my repayment will be repriced and from which date. I saw the article 'Statement delays add noise to month-end finance controls' and wanted to check how it affects my account.,negative,False,
COMM-202002-000317,ACC0006295,IND1904011761,phone_call,inbound,21/02/2020 18:10,Home Loan rate increase question,I am worried my home loan instalment may change. Please confirm whether my repayment will be repriced and from which date.,neutral,False,
COMM-202002-000318,ACC0014081,IND1909000874,branch_visit,inbound,13/02/2020 08:30,Home Loan rate increase question,I am worried my home loan instalment may change. Please confirm whether my repayment will be repriced and from which date. I saw the article 'Retail banks sharpen arrears analytics as payment stress persists' and wanted to check how it affects my account.,positive,False,
COMM-202002-000319,ACC0005254,IND1903003949,phone_call,inbound,19/02/2020 07:40,Home Loan rate increase question,I am worried my home loan instalment may change. Please confirm whether my repayment will be repriced and from which date.,positive,False,
COMM-202002-000320,ACC0001282,IND1901007129,phone_call,inbound,25/02/2020 11:35,Why did my debit order fail?,"My debit order did not go through and I need to know whether it was insufficient funds, a retry problem or a bank processing issue. The account should not be charged twice.",negative,True,statement_error
