statement_transaction_id,account_id,customer_id,bank_name,statement_date,posted_date,statement_description,bank_reference,statement_amount,source_transaction_id,entry_type,reconciliation_required,reconciliation_reason,source_system_lag_days,expected_settlement_date
BST-ACC0118916-000001,ACC0118916,IND19000019,Keystone Retail Bank,2019-12-25 08:38:00,2019-12-25,Bank_Charge,FEE-201912-83857,-81.45,,bank_charge,True,bank_generated_non_transactional_entry,0,
BST-ACC0118916-000002,ACC0118916,IND19000019,Keystone Retail Bank,2019-12-25 08:38:00,2019-12-25,Withholding Tax,FEE-201912-15702,-29.3,,withholding_tax,True,bank_generated_non_transactional_entry,0,
BST-ACC0118916-000003,ACC0118916,IND19000019,Keystone Retail Bank,2020-01-25 10:21:00,2020-01-25,Withholding Tax,FEE-202001-70017,-8.43,,withholding_tax,True,bank_generated_non_transactional_entry,0,
BST-ACC0118916-000004,ACC0118916,IND19000019,Keystone Retail Bank,2020-01-25 10:21:00,2020-01-25,Bank Charge,FEE-202001-70035,-96.69,,bank_charge,True,bank_generated_non_transactional_entry,0,
BST-ACC0118916-000005,ACC0118916,IND19000019,Keystone Retail Bank,2020-02-25 12:18:00,2020-02-25,Service Fee,FEE-202002-40717,-9.8,,service_fee,True,bank_generated_non_transactional_entry,0,
BST-ACC0118916-000006,ACC0118916,IND19000019,Keystone Retail Bank,2020-02-25 12:18:00,2020-02-25,Interest Income,FEE-202002-60122,4.48,,interest_income,True,bank_generated_non_transactional_entry,0,
BST-ACC0118917-000001,ACC0118917,IND19000315,Keystone Retail Bank,2019-12-25 17:07:00,2019-12-25,Cash Deposit Fee,FEE-201912-21796,-33.58,,cash_deposit_fee,True,bank_generated_non_transactional_entry,0,
BST-ACC0118917-000002,ACC0118917,IND19000315,Keystone Retail Bank,2019-12-25 17:07:00,2019-12-25,Withholding Tax,FEE-201912-30984,-28.36,,withholding_tax,True,bank_generated_non_transactional_entry,0,
BST-ACC0118917-000003,ACC0118917,IND19000315,Keystone Retail Bank,2020-01-25 11:02:00,2020-01-25,Service Fee,FEE-202001-52704,-71.2,,service_fee,True,bank_generated_non_transactional_entry,0,
BST-ACC0118917-000004,ACC0118917,IND19000315,Keystone Retail Bank,2020-02-25 09:48:00,2020-02-25,Service_Fee,FEE-202002-97988,-55.8,,service_fee,True,bank_generated_non_transactional_entry,0,
BST-ACC0118917-000005,ACC0118917,IND19000315,Keystone Retail Bank,2020-02-25 09:48:00,2020-02-25,Interest Income,FEE-202002-90429,3.1,,interest_income,True,bank_generated_non_transactional_entry,0,
BST-ACC0118917-000006,ACC0118917,IND19000315,Keystone Retail Bank,2020-03-25 14:17:00,2020-03-25,Service Fee,FEE-202003-13761,-150.06,,service_fee,True,bank_generated_non_transactional_entry,0,
BST-ACC0118917-000007,ACC0118917,IND19000315,Keystone Retail Bank,2020-03-25 14:17:00,2020-03-25,Bank_Charge,FEE-202003-58058,-48.9,,bank_charge,True,bank_generated_non_transactional_entry,0,
BST-ACC0118917-000008,ACC0118917,IND19000315,Keystone Retail Bank,2020-03-25 14:17:00,2020-03-25,Interest Income,FEE-202003-79069,8.46,,interest_income,True,bank_generated_non_transactional_entry,0,
BST-ACC0118917-000009,ACC0118917,IND19000315,Keystone Retail Bank,2020-04-25 14:31:00,2020-04-25,Interest Income,FEE-202004-23356,2.01,,interest_income,True,bank_generated_non_transactional_entry,0,
BST-ACC0118917-000010,ACC0118917,IND19000315,Keystone Retail Bank,2020-04-25 14:31:00,2020-04-25,Service_Fee,FEE-202004-84316,-23.75,,service_fee,True,bank_generated_non_transactional_entry,0,
BST-ACC0118917-000011,ACC0118917,IND19000315,Keystone Retail Bank,2020-05-25 07:05:00,2020-05-25,Bank Charge,FEE-202005-20718,-51.44,,bank_charge,True,bank_generated_non_transactional_entry,0,
BST-ACC0118918-000001,ACC0118918,IND19000315,Keystone Retail Bank,2019-12-25 11:51:00,2019-12-25,Cash_Deposit_Fee,FEE-201912-24043,-115.75,,cash_deposit_fee,True,bank_generated_non_transactional_entry,0,
BST-ACC0118918-000002,ACC0118918,IND19000315,Keystone Retail Bank,2019-12-25 11:51:00,2019-12-25,Withholding Tax,FEE-201912-11442,-48.73,,withholding_tax,True,bank_generated_non_transactional_entry,0,
BST-ACC0118918-000003,ACC0118918,IND19000315,Keystone Retail Bank,2020-01-25 15:24:00,2020-01-25,Service Fee,FEE-202001-62271,-47.54,,service_fee,True,bank_generated_non_transactional_entry,0,
BST-ACC0118918-000004,ACC0118918,IND19000315,Keystone Retail Bank,2020-01-25 15:24:00,2020-01-25,Cash_Deposit_Fee,FEE-202001-91566,-119.88,,cash_deposit_fee,True,bank_generated_non_transactional_entry,0,
BST-ACC0118918-000005,ACC0118918,IND19000315,Keystone Retail Bank,2020-02-25 17:31:00,2020-02-25,Bank Charge,FEE-202002-90429,-116.28,,bank_charge,True,bank_generated_non_transactional_entry,0,
BST-ACC0118918-000006,ACC0118918,IND19000315,Keystone Retail Bank,2020-03-25 08:02:00,2020-03-25,Bank Charge,FEE-202003-47342,-60.01,,bank_charge,True,bank_generated_non_transactional_entry,0,
BST-ACC0118918-000007,ACC0118918,IND19000315,Keystone Retail Bank,2020-03-25 08:02:00,2020-03-25,Cash Deposit Fee,FEE-202003-58429,-69.41,,cash_deposit_fee,True,bank_generated_non_transactional_entry,0,
BST-ACC0118918-000008,ACC0118918,IND19000315,Keystone Retail Bank,2020-03-25 08:02:00,2020-03-25,Service Fee,FEE-202003-75684,-99.47,,service_fee,True,bank_generated_non_transactional_entry,0,
BST-ACC0118918-000009,ACC0118918,IND19000315,Keystone Retail Bank,2020-04-25 12:00:00,2020-04-25,Cash Deposit Fee,FEE-202004-68076,-135.38,,cash_deposit_fee,True,bank_generated_non_transactional_entry,0,
BST-ACC0118918-000010,ACC0118918,IND19000315,Keystone Retail Bank,2020-04-25 12:00:00,2020-04-25,Service Fee,FEE-202004-14247,-21.45,,service_fee,True,bank_generated_non_transactional_entry,0,
BST-ACC0118918-000011,ACC0118918,IND19000315,Keystone Retail Bank,2020-05-25 15:14:00,2020-05-25,Service_Fee,FEE-202005-36149,-21.97,,service_fee,True,bank_generated_non_transactional_entry,0,
BST-ACC0118918-000012,ACC0118918,IND19000315,Keystone Retail Bank,2020-05-25 15:14:00,2020-05-25,Withholding Tax,FEE-202005-67332,-52.63,,withholding_tax,True,bank_generated_non_transactional_entry,0,
BST-ACC0118918-000013,ACC0118918,IND19000315,Keystone Retail Bank,2020-05-25 15:14:00,2020-05-25,Interest_Income,FEE-202005-99044,2.43,,interest_income,True,bank_generated_non_transactional_entry,0,
BST-ACC0118919-000001,ACC0118919,IND19000194,Keystone Retail Bank,2019-12-25 07:11:00,2019-12-25,Service Fee,FEE-201912-91090,-152.58,,service_fee,True,bank_generated_non_transactional_entry,0,
BST-ACC0118919-000002,ACC0118919,IND19000194,Keystone Retail Bank,2019-12-25 07:11:00,2019-12-25,Cash_Deposit_Fee,FEE-201912-76313,-159.48,,cash_deposit_fee,True,bank_generated_non_transactional_entry,0,
BST-ACC0118919-000003,ACC0118919,IND19000194,Keystone Retail Bank,2020-01-25 10:57:00,2020-01-25,Bank_Charge,FEE-202001-11489,-12.53,,bank_charge,True,bank_generated_non_transactional_entry,0,
BST-ACC0118919-000004,ACC0118919,IND19000194,Keystone Retail Bank,2020-01-25 10:57:00,2020-01-25,Service_Fee,FEE-202001-56441,-22.14,,service_fee,True,bank_generated_non_transactional_entry,0,
BST-ACC0118919-000005,ACC0118919,IND19000194,Keystone Retail Bank,2020-02-25 14:20:00,2020-02-25,Interest_Income,FEE-202002-45208,3.74,,interest_income,True,bank_generated_non_transactional_entry,0,
BST-ACC0118919-000006,ACC0118919,IND19000194,Keystone Retail Bank,2020-02-25 14:20:00,2020-02-25,Service Fee,FEE-202002-86714,-156.03,,service_fee,True,bank_generated_non_transactional_entry,0,
BST-ACC0118920-000001,ACC0118920,IND19000452,Keystone Retail Bank,2019-12-25 11:43:00,2019-12-25,Cash_Deposit_Fee,FEE-201912-84451,-69.95,,cash_deposit_fee,True,bank_generated_non_transactional_entry,0,
BST-ACC0118920-000002,ACC0118920,IND19000452,Keystone Retail Bank,2019-12-25 11:43:00,2019-12-25,Interest_Income,FEE-201912-76649,1.5,,interest_income,True,bank_generated_non_transactional_entry,0,
BST-ACC0118920-000003,ACC0118920,IND19000452,Keystone Retail Bank,2019-12-25 11:43:00,2019-12-25,Withholding Tax,FEE-201912-59714,-22.92,,withholding_tax,True,bank_generated_non_transactional_entry,0,
BST-ACC0118920-000004,ACC0118920,IND19000452,Keystone Retail Bank,2020-01-25 08:34:00,2020-01-25,Cash_Deposit_Fee,FEE-202001-31938,-147.98,,cash_deposit_fee,True,bank_generated_non_transactional_entry,0,
BST-ACC0118920-000005,ACC0118920,IND19000452,Keystone Retail Bank,2020-01-25 08:34:00,2020-01-25,Withholding_Tax,FEE-202001-55989,-28.64,,withholding_tax,True,bank_generated_non_transactional_entry,0,
BST-ACC0118920-000006,ACC0118920,IND19000452,Keystone Retail Bank,2020-01-25 08:34:00,2020-01-25,Interest_Income,FEE-202001-78471,3.22,,interest_income,True,bank_generated_non_transactional_entry,0,
BST-ACC0118920-000007,ACC0118920,IND19000452,Keystone Retail Bank,2020-02-25 11:48:00,2020-02-25,Withholding Tax,FEE-202002-12153,-24.47,,withholding_tax,True,bank_generated_non_transactional_entry,0,
BST-ACC0118920-000008,ACC0118920,IND19000452,Keystone Retail Bank,2020-02-25 11:48:00,2020-02-25,Service_Fee,FEE-202002-94452,-34.91,,service_fee,True,bank_generated_non_transactional_entry,0,
BST-ACC0118920-000009,ACC0118920,IND19000452,Keystone Retail Bank,2020-02-25 11:48:00,2020-02-25,Interest Income,FEE-202002-30122,0.29,,interest_income,True,bank_generated_non_transactional_entry,0,
BST-ACC0118920-000010,ACC0118920,IND19000452,Keystone Retail Bank,2020-03-25 16:02:00,2020-03-25,Withholding Tax,FEE-202003-27084,-34.02,,withholding_tax,True,bank_generated_non_transactional_entry,0,
BST-ACC0118920-000011,ACC0118920,IND19000452,Keystone Retail Bank,2020-03-25 16:02:00,2020-03-25,Bank_Charge,FEE-202003-38489,-51.78,,bank_charge,True,bank_generated_non_transactional_entry,0,
BST-ACC0118920-000012,ACC0118920,IND19000452,Keystone Retail Bank,2020-04-25 13:17:00,2020-04-25,Service_Fee,FEE-202004-65964,-35.02,,service_fee,True,bank_generated_non_transactional_entry,0,
BST-ACC0118920-000013,ACC0118920,IND19000452,Keystone Retail Bank,2020-04-25 13:17:00,2020-04-25,Bank_Charge,FEE-202004-51888,-126.5,,bank_charge,True,bank_generated_non_transactional_entry,0,
BST-ACC0118920-000014,ACC0118920,IND19000452,Keystone Retail Bank,2020-05-25 11:20:00,2020-05-25,Bank_Charge,FEE-202005-56294,-83.88,,bank_charge,True,bank_generated_non_transactional_entry,0,
BST-ACC0118920-000015,ACC0118920,IND19000452,Keystone Retail Bank,2020-05-25 11:20:00,2020-05-25,Interest_Income,FEE-202005-35955,0.63,,interest_income,True,bank_generated_non_transactional_entry,0,
BST-ACC0118921-000003,ACC0118921,IND19000354,Keystone Retail Bank,2019-12-03 12:14:42,2019-12-03,Groceries via ewallet,201912937841146,-197.02,MTX201912000000003,transactional,False,,0,
BST-ACC0118921-000004,ACC0118921,IND19000354,Keystone Retail Bank,2019-12-04 07:16:55,2019-12-04,Groceries via mobile_banking_app,201912554794793,-301.81,MTX201912000000004,transactional,False,,0,
BST-ACC0118921-000001,ACC0118921,IND19000354,Keystone Retail Bank,2019-12-04 12:30:04,2019-12-04,Groceries via contactless,201912783450670,-418.93,MTX201912000000001,transactional,True,source_system_lag,2,2019-12-04
BST-ACC0118921-000002,ACC0118921,IND19000354,Keystone Retail Bank,2019-12-04 18:12:01,2019-12-04,Retail via contactless,201912439068278,-469.71,MTX201912000000002,transactional,True,source_system_lag,2,2019-12-04
BST-ACC0118921-000005,ACC0118921,IND19000354,Keystone Retail Bank,2019-12-04 22:45:10,2019-12-04,Utilities via mobile banking app,201912294711446,-1021.7,MTX201912000000005,transactional,False,,0,
BST-ACC0118921-000006,ACC0118921,IND19000354,Keystone Retail Bank,2019-12-05 18:58:39,2019-12-05,Entertainment via pos,201912777425470,-218.6,MTX201912000000006,transactional,False,,0,
BST-ACC0118921-000007,ACC0118921,IND19000354,Keystone Retail Bank,2019-12-06 08:33:48,2019-12-06,Airtime via mobile banking app,201912710317320,-47.39,MTX201912000000008,transactional,False,,0,
BST-ACC0118921-000008,ACC0118921,IND19000354,Keystone Retail Bank,2019-12-06 11:20:33,2019-12-06,Transfer via online banking,201912661895901,-1574.7,MTX201912000000007,transactional,False,,0,
BST-ACC0118921-000009,ACC0118921,IND19000354,Keystone Retail Bank,2019-12-07 10:46:19,2019-12-07,Clothing via ewallet,201912874407395,-227.97,MTX201912000000009,transactional,False,,0,
BST-ACC0118921-000010,ACC0118921,IND19000354,Keystone Retail Bank,2019-12-08 17:04:04,2019-12-08,Restaurants via pos,201912714020784,-301.95,MTX201912000000010,transactional,False,,0,
BST-ACC0118921-000011,ACC0118921,IND19000354,Keystone Retail Bank,2019-12-09 05:08:59,2019-12-09,Clothing via mobile_banking_app,201912418875473,-316.03,MTX201912000000011,transactional,False,,0,
BST-ACC0118921-000012,ACC0118921,IND19000354,Keystone Retail Bank,2019-12-09 11:46:00,2019-12-09,Airtime via mobile_banking_app,201912818466638,-84.11,MTX201912000000012,transactional,False,,0,
BST-ACC0118921-000013,ACC0118921,IND19000354,Keystone Retail Bank,2019-12-09 21:01:05,2019-12-09,Airtime via mobile banking app,201912621103882,-65.73,MTX201912000000013,transactional,False,,0,
BST-ACC0118921-000014,ACC0118921,IND19000354,Keystone Retail Bank,2019-12-10 05:29:03,2019-12-10,Entertainment via mobile banking app,201912971734940,-300.59,MTX201912000000014,transactional,False,,0,
BST-ACC0118921-000015,ACC0118921,IND19000354,Keystone Retail Bank,2019-12-10 10:03:18,2019-12-10,Airtime via mobile_banking_app,201912839536966,-43.36,MTX201912000000015,transactional,False,,0,
BST-ACC0118921-000016,ACC0118921,IND19000354,Keystone Retail Bank,2019-12-10 12:19:54,2019-12-10,Restaurants via mobile banking app,201912858718054,-262.08,MTX201912000000016,transactional,False,,0,
BST-ACC0118921-000017,ACC0118921,IND19000354,Keystone Retail Bank,2019-12-10 18:48:20,2019-12-10,Alcohol via ewallet,201912369793573,-224.37,MTX201912000000017,transactional,False,,0,
BST-ACC0118921-000018,ACC0118921,IND19000354,Keystone Retail Bank,2019-12-10 22:03:33,2019-12-10,Transfer via online_banking,201912154887089,-1116.26,MTX201912000000018,transactional,False,,0,
BST-ACC0118921-000019,ACC0118921,IND19000354,Keystone Retail Bank,2019-12-11 05:56:58,2019-12-11,Fuel via mobile_banking_app,201912450623386,-753.21,MTX201912000000019,transactional,False,,0,
BST-ACC0118921-000020,ACC0118921,IND19000354,Keystone Retail Bank,2019-12-12 05:33:19,2019-12-12,Restaurants via mobile banking app,201912336866291,-476.71,MTX201912000000020,transactional,False,,0,
BST-ACC0118921-000021,ACC0118921,IND19000354,Keystone Retail Bank,2019-12-12 06:16:31,2019-12-12,Clothing via mobile banking app,201912343421451,-452.13,MTX201912000000021,transactional,False,,0,
BST-ACC0118921-000022,ACC0118921,IND19000354,Keystone Retail Bank,2019-12-12 07:11:05,2019-12-12,Airtime via pos,201912846856461,-72.15,MTX201912000000022,transactional,False,,0,
BST-ACC0118921-000023,ACC0118921,IND19000354,Keystone Retail Bank,2019-12-12 12:38:53,2019-12-12,Groceries via contactless,201912981489007,-381.49,MTX201912000000023,transactional,False,,0,
BST-ACC0118921-000024,ACC0118921,IND19000354,Keystone Retail Bank,2019-12-12 22:06:40,2019-12-12,Airtime via ussd,201912668878178,-78.01,MTX201912000000025,transactional,False,,0,
BST-ACC0118921-000025,ACC0118921,IND19000354,Keystone Retail Bank,2019-12-12 22:40:06,2019-12-12,Airtime via mobile_banking_app,201912681158891,-66.65,MTX201912000000024,transactional,False,,0,
BST-ACC0118921-000026,ACC0118921,IND19000354,Keystone Retail Bank,2019-12-12 23:12:02,2019-12-12,Transport via mobile_banking_app,201912163288469,-296.54,MTX201912000000026,transactional,False,,0,
BST-ACC0118921-000027,ACC0118921,IND19000354,Keystone Retail Bank,2019-12-13 12:13:21,2019-12-13,Groceries via pos,201912382239673,-440.03,MTX201912000000029,transactional,False,,0,
BST-ACC0118921-000028,ACC0118921,IND19000354,Keystone Retail Bank,2019-12-13 13:13:38,2019-12-13,Restaurants via mobile banking app,201912273464539,-401.55,MTX201912000000027,transactional,False,,0,
BST-ACC0118921-000029,ACC0118921,IND19000354,Keystone Retail Bank,2019-12-13 13:26:57,2019-12-13,Retail via mobile banking app,201912851703202,-677.24,MTX201912000000028,transactional,False,,0,
BST-ACC0118921-000030,ACC0118921,IND19000354,Keystone Retail Bank,2019-12-13 21:44:57,2019-12-13,Airtime via online banking,201912771510513,-72.23,MTX201912000000030,transactional,False,,0,
BST-ACC0118921-000031,ACC0118921,IND19000354,Keystone Retail Bank,2019-12-14 10:31:39,2019-12-14,Clothing via pos,201912360283970,-517.38,MTX201912000000031,transactional,False,,0,
BST-ACC0118921-000032,ACC0118921,IND19000354,Keystone Retail Bank,2019-12-14 10:55:30,2019-12-14,Groceries via contactless,201912552247182,-492.55,MTX201912000000032,transactional,False,,0,
BST-ACC0118921-000033,ACC0118921,IND19000354,Keystone Retail Bank,2019-12-14 17:46:01,2019-12-14,Alcohol via atm,201912877990563,-279.56,MTX201912000000033,transactional,False,,0,
BST-ACC0118921-000034,ACC0118921,IND19000354,Keystone Retail Bank,2019-12-14 18:30:56,2019-12-14,Retail via pos,201912758925474,-711.36,MTX201912000000034,transactional,False,,0,
BST-ACC0118921-000035,ACC0118921,IND19000354,Keystone Retail Bank,2019-12-14 18:46:17,2019-12-14,Entertainment via pos,201912289785166,-163.09,MTX201912000000035,transactional,False,,0,
BST-ACC0118921-000036,ACC0118921,IND19000354,Keystone Retail Bank,2019-12-15 11:58:21,2019-12-15,Retail via atm,201912315237923,-1179.43,MTX201912000000036,transactional,False,,0,
BST-ACC0118921-000037,ACC0118921,IND19000354,Keystone Retail Bank,2019-12-15 15:42:09,2019-12-15,Alcohol via mobile banking app,201912814608788,-202.31,MTX201912000000037,transactional,False,,0,
BST-ACC0118921-000038,ACC0118921,IND19000354,Keystone Retail Bank,2019-12-16 07:19:01,2019-12-16,Fuel via mobile banking app,201912469099257,-346.39,MTX201912000000038,transactional,False,,0,
BST-ACC0118921-000039,ACC0118921,IND19000354,Keystone Retail Bank,2019-12-16 08:32:00,2019-12-16,Airtime via mobile banking app,201912786203537,-52.97,MTX201912000000039,transactional,False,,0,
BST-ACC0118921-000040,ACC0118921,IND19000354,Keystone Retail Bank,2019-12-16 13:21:53,2019-12-16,Restaurants via mobile banking app,201912647376380,-360.58,MTX201912000000040,transactional,False,,0,
BST-ACC0118921-000041,ACC0118921,IND19000354,Keystone Retail Bank,2019-12-17 05:14:14,2019-12-17,Fuel via mobile_banking_app,201912707459213,-743.01,MTX201912000000041,transactional,False,,0,
BST-ACC0118921-000042,ACC0118921,IND19000354,Keystone Retail Bank,2019-12-17 08:12:54,2019-12-17,Airtime via mobile banking app,201912157390193,-76.74,MTX201912000000042,transactional,False,,0,
BST-ACC0118921-000043,ACC0118921,IND19000354,Keystone Retail Bank,2019-12-17 13:28:28,2019-12-17,Groceries via contactless,201912974619343,-280.93,MTX201912000000043,transactional,False,,0,
BST-ACC0118921-000044,ACC0118921,IND19000354,Keystone Retail Bank,2019-12-18 05:10:27,2019-12-18,Utilities via mobile_banking_app,201912654792072,-443.99,MTX201912000000044,transactional,False,,0,
BST-ACC0118921-000045,ACC0118921,IND19000354,Keystone Retail Bank,2019-12-18 06:42:22,2019-12-18,Groceries via contactless,201912565006474,-332.47,MTX201912000000045,transactional,False,,0,
BST-ACC0118921-000046,ACC0118921,IND19000354,Keystone Retail Bank,2019-12-18 08:17:46,2019-12-18,Utilities via mobile banking app,201912367501529,-858.76,MTX201912000000046,transactional,False,,0,
BST-ACC0118921-000047,ACC0118921,IND19000354,Keystone Retail Bank,2019-12-19 10:01:34,2019-12-19,Transfer via mobile banking app,201912389599659,-741.99,MTX201912000000047,transactional,False,,0,
BST-ACC0118921-000048,ACC0118921,IND19000354,Keystone Retail Bank,2019-12-19 19:18:18,2019-12-19,Groceries via pos,201912108283843,-391.53,MTX201912000000048,transactional,False,,0,
BST-ACC0118921-000049,ACC0118921,IND19000354,Keystone Retail Bank,2019-12-20 05:52:01,2019-12-20,Entertainment via mobile banking app,201912788209537,-225.26,MTX201912000000049,transactional,False,,0,
BST-ACC0118921-000050,ACC0118921,IND19000354,Keystone Retail Bank,2019-12-20 06:23:27,2019-12-20,Alcohol via mobile_banking_app,201912310714993,-152.56,MTX201912000000050,transactional,False,,0,
BST-ACC0118921-000051,ACC0118921,IND19000354,Keystone Retail Bank,2019-12-20 06:47:40,2019-12-20,Transport via contactless,201912349073607,-161.14,MTX201912000000051,transactional,False,,0,
BST-ACC0118921-000052,ACC0118921,IND19000354,Keystone Retail Bank,2019-12-20 21:55:58,2019-12-20,Transfer via mobile banking app,201912927073317,-698.76,MTX201912000000052,transactional,False,,0,
BST-ACC0118921-000053,ACC0118921,IND19000354,Keystone Retail Bank,2019-12-21 16:33:08,2019-12-21,Restaurants via ewallet,201912747566436,-258.86,MTX201912000000053,transactional,False,,0,
BST-ACC0118921-000054,ACC0118921,IND19000354,Keystone Retail Bank,2019-12-21 16:55:09,2019-12-21,Retail via pos,201912185121383,-832.87,MTX201912000000054,transactional,False,,0,
BST-ACC0118921-000055,ACC0118921,IND19000354,Keystone Retail Bank,2019-12-24 13:03:46,2019-12-24,Retail via pos,201912170691246,-422.55,MTX201912000000055,transactional,False,,0,
BST-ACC0118921-000056,ACC0118921,IND19000354,Keystone Retail Bank,2019-12-24 18:05:53,2019-12-24,Restaurants via pos,201912277054600,-288.03,MTX201912000000056,transactional,False,,0,
BST-ACC0118921-000057,ACC0118921,IND19000354,Keystone Retail Bank,2019-12-25 05:58:37,2019-12-25,Alcohol via mobile_banking_app,201912465516290,-264.33,MTX201912000000057,transactional,False,,0,
BST-ACC0118921-000058,ACC0118921,IND19000354,Keystone Retail Bank,2019-12-25 08:51:34,2019-12-25,Airtime via mobile_banking_app,201912185604717,-77.16,MTX201912000000058,transactional,False,,0,
BST-ACC0118921-000076,ACC0118921,IND19000354,Keystone Retail Bank,2019-12-25 14:53:00,2019-12-25,Interest Income,FEE-201912-59933,7.7,,interest_income,True,bank_generated_non_transactional_entry,0,
BST-ACC0118921-000077,ACC0118921,IND19000354,Keystone Retail Bank,2019-12-25 14:53:00,2019-12-25,Cash Deposit Fee,FEE-201912-33657,-24.25,,cash_deposit_fee,True,bank_generated_non_transactional_entry,0,
BST-ACC0118921-000059,ACC0118921,IND19000354,Keystone Retail Bank,2019-12-25 22:37:14,2019-12-25,Airtime via mobile banking app,201912293641387,-54.81,MTX201912000000060,transactional,False,,0,
BST-ACC0118921-000060,ACC0118921,IND19000354,Keystone Retail Bank,2019-12-26 05:19:50,2019-12-26,Clothing via mobile banking app,201912515692442,-327.43,MTX201912000000061,transactional,False,,0,
BST-ACC0118921-000061,ACC0118921,IND19000354,Keystone Retail Bank,2019-12-26 09:15:50,2019-12-26,Transfer via mobile banking app,201912992875621,-410.88,MTX201912000000062,transactional,False,,0,
BST-ACC0118921-000062,ACC0118921,IND19000354,Keystone Retail Bank,2019-12-26 20:09:36,2019-12-26,Retail via mobile banking app,201912617921007,-738.33,MTX201912000000063,transactional,False,,0,
BST-ACC0118921-000063,ACC0118921,IND19000354,Keystone Retail Bank,2019-12-27 11:23:17,2019-12-27,Utilities via mobile banking app,201912744364932,-638.84,MTX201912000000064,transactional,False,,0,
BST-ACC0118921-000064,ACC0118921,IND19000354,Keystone Retail Bank,2019-12-27 18:03:30,2019-12-27,Groceries via mobile_banking_app,201912255855456,-281.65,MTX201912000000065,transactional,False,,0,
BST-ACC0118921-000065,ACC0118921,IND19000354,Keystone Retail Bank,2019-12-27 20:02:27,2019-12-27,Restaurants via contactless,201912141207721,-123.0,MTX201912000000066,transactional,False,,0,
BST-ACC0118921-000066,ACC0118921,IND19000354,Keystone Retail Bank,2019-12-27 22:37:18,2019-12-27,Transfer via mobile banking app,201912134136223,-1143.89,MTX201912000000067,transactional,False,,0,
BST-ACC0118921-000067,ACC0118921,IND19000354,Keystone Retail Bank,2019-12-28 10:10:39,2019-12-28,Retail via pos,201912403715196,-825.21,MTX201912000000068,transactional,False,,0,
BST-ACC0118921-000068,ACC0118921,IND19000354,Keystone Retail Bank,2019-12-28 10:25:04,2019-12-28,Groceries via pos,201912597963271,-345.69,MTX201912000000069,transactional,False,,0,
BST-ACC0118921-000069,ACC0118921,IND19000354,Keystone Retail Bank,2019-12-29 10:35:44,2019-12-29,Groceries via pos,201912174665296,-232.77,MTX201912000000070,transactional,False,,0,
BST-ACC0118921-000070,ACC0118921,IND19000354,Keystone Retail Bank,2019-12-29 11:13:01,2019-12-29,Fuel via mobile banking app,201912941783718,-808.66,MTX201912000000071,transactional,False,,0,
BST-ACC0118921-000071,ACC0118921,IND19000354,Keystone Retail Bank,2019-12-29 17:06:08,2019-12-29,Retail via contactless,201912928779336,-482.82,MTX201912000000072,transactional,False,,0,
BST-ACC0118921-000072,ACC0118921,IND19000354,Keystone Retail Bank,2019-12-30 06:12:39,2019-12-30,Restaurants via mobile_banking_app,201912449312609,-344.42,MTX201912000000073,transactional,False,,0,
BST-ACC0118921-000073,ACC0118921,IND19000354,Keystone Retail Bank,2019-12-31 05:03:49,2019-12-31,Utilities via mobile banking app,201912599066115,-910.82,MTX201912000000074,transactional,False,,0,
BST-ACC0118921-000074,ACC0118921,IND19000354,Keystone Retail Bank,2019-12-31 11:25:25,2019-12-31,Airtime via mobile banking app,201912878521276,-84.92,MTX201912000000075,transactional,False,,0,
BST-ACC0118921-000075,ACC0118921,IND19000354,Keystone Retail Bank,2019-12-31 13:20:23,2019-12-31,Groceries via pos,201912455302564,-402.96,MTX201912000000076,transactional,False,,0,
BST-ACC0118921-000078,ACC0118921,IND19000354,Keystone Retail Bank,2020-01-25 11:55:00,2020-01-25,Interest Income,FEE-202001-29629,7.19,,interest_income,True,bank_generated_non_transactional_entry,0,
BST-ACC0118921-000079,ACC0118921,IND19000354,Keystone Retail Bank,2020-01-25 11:55:00,2020-01-25,Bank Charge,FEE-202001-96326,-140.36,,bank_charge,True,bank_generated_non_transactional_entry,0,
BST-ACC0118921-000080,ACC0118921,IND19000354,Keystone Retail Bank,2020-02-25 17:23:00,2020-02-25,Cash Deposit Fee,FEE-202002-80964,-88.87,,cash_deposit_fee,True,bank_generated_non_transactional_entry,0,
BST-ACC0118921-000081,ACC0118921,IND19000354,Keystone Retail Bank,2020-02-25 17:23:00,2020-02-25,Withholding Tax,FEE-202002-38800,-43.22,,withholding_tax,True,bank_generated_non_transactional_entry,0,
BST-ACC0118921-000082,ACC0118921,IND19000354,Keystone Retail Bank,2020-03-25 13:22:00,2020-03-25,Interest Income,FEE-202003-34727,4.82,,interest_income,True,bank_generated_non_transactional_entry,0,
BST-ACC0118921-000083,ACC0118921,IND19000354,Keystone Retail Bank,2020-03-25 13:22:00,2020-03-25,Bank Charge,FEE-202003-88585,-125.87,,bank_charge,True,bank_generated_non_transactional_entry,0,
BST-ACC0118921-000084,ACC0118921,IND19000354,Keystone Retail Bank,2020-03-25 13:22:00,2020-03-25,Withholding_Tax,FEE-202003-82694,-11.81,,withholding_tax,True,bank_generated_non_transactional_entry,0,
BST-ACC0118921-000085,ACC0118921,IND19000354,Keystone Retail Bank,2020-04-25 15:55:00,2020-04-25,Interest Income,FEE-202004-41365,2.44,,interest_income,True,bank_generated_non_transactional_entry,0,
BST-ACC0118921-000086,ACC0118921,IND19000354,Keystone Retail Bank,2020-05-25 09:15:00,2020-05-25,Withholding_Tax,FEE-202005-92214,-57.43,,withholding_tax,True,bank_generated_non_transactional_entry,0,
BST-ACC0118921-000087,ACC0118921,IND19000354,Keystone Retail Bank,2020-05-25 09:15:00,2020-05-25,Interest Income,FEE-202005-91905,8.36,,interest_income,True,bank_generated_non_transactional_entry,0,
BST-ACC0118922-000001,ACC0118922,IND19000352,Keystone Retail Bank,2019-12-25 11:54:00,2019-12-25,Interest Income,FEE-201912-30770,0.75,,interest_income,True,bank_generated_non_transactional_entry,0,
BST-ACC0118922-000002,ACC0118922,IND19000352,Keystone Retail Bank,2020-01-25 09:01:00,2020-01-25,Cash Deposit Fee,FEE-202001-56896,-48.42,,cash_deposit_fee,True,bank_generated_non_transactional_entry,0,
BST-ACC0118922-000003,ACC0118922,IND19000352,Keystone Retail Bank,2020-01-25 09:01:00,2020-01-25,Service Fee,FEE-202001-71880,-110.89,,service_fee,True,bank_generated_non_transactional_entry,0,
BST-ACC0118922-000004,ACC0118922,IND19000352,Keystone Retail Bank,2020-02-25 13:58:00,2020-02-25,Withholding Tax,FEE-202002-71159,-55.68,,withholding_tax,True,bank_generated_non_transactional_entry,0,
BST-ACC0118922-000005,ACC0118922,IND19000352,Keystone Retail Bank,2020-02-25 13:58:00,2020-02-25,Interest Income,FEE-202002-23386,0.94,,interest_income,True,bank_generated_non_transactional_entry,0,
BST-ACC0118922-000006,ACC0118922,IND19000352,Keystone Retail Bank,2020-02-25 13:58:00,2020-02-25,Bank_Charge,FEE-202002-94734,-69.32,,bank_charge,True,bank_generated_non_transactional_entry,0,
BST-ACC0118923-000005,ACC0118923,IND19000145,Keystone Retail Bank,2019-12-04 00:00:00,2019-12-04,External EFT credit,UNALLOC-479705,3483.72,,bank_only_transaction,True,missing_in_ledger,0,
BST-ACC0118923-000001,ACC0118923,IND19000145,Keystone Retail Bank,2019-12-25 13:59:00,2019-12-25,Interest Income,FEE-201912-59305,2.29,,interest_income,True,bank_generated_non_transactional_entry,0,
BST-ACC0118923-000002,ACC0118923,IND19000145,Keystone Retail Bank,2020-01-25 14:22:00,2020-01-25,Bank_Charge,FEE-202001-45352,-61.94,,bank_charge,True,bank_generated_non_transactional_entry,0,
BST-ACC0118923-000003,ACC0118923,IND19000145,Keystone Retail Bank,2020-01-25 14:22:00,2020-01-25,Withholding_Tax,FEE-202001-49225,-56.77,,withholding_tax,True,bank_generated_non_transactional_entry,0,
BST-ACC0118923-000004,ACC0118923,IND19000145,Keystone Retail Bank,2020-02-25 12:16:00,2020-02-25,Interest Income,FEE-202002-20627,4.09,,interest_income,True,bank_generated_non_transactional_entry,0,
BST-ACC0118924-000001,ACC0118924,IND19000075,Keystone Retail Bank,2019-12-25 10:41:00,2019-12-25,Interest Income,FEE-201912-78803,7.04,,interest_income,True,bank_generated_non_transactional_entry,0,
BST-ACC0118924-000002,ACC0118924,IND19000075,Keystone Retail Bank,2019-12-25 10:41:00,2019-12-25,Bank Charge,FEE-201912-65465,-123.4,,bank_charge,True,bank_generated_non_transactional_entry,0,
BST-ACC0118924-000003,ACC0118924,IND19000075,Keystone Retail Bank,2020-01-25 08:21:00,2020-01-25,Interest_Income,FEE-202001-66114,3.59,,interest_income,True,bank_generated_non_transactional_entry,0,
BST-ACC0118924-000004,ACC0118924,IND19000075,Keystone Retail Bank,2020-01-25 08:21:00,2020-01-25,Service_Fee,FEE-202001-18758,-63.08,,service_fee,True,bank_generated_non_transactional_entry,0,
BST-ACC0118924-000005,ACC0118924,IND19000075,Keystone Retail Bank,2020-01-25 08:21:00,2020-01-25,Withholding_Tax,FEE-202001-43962,-36.33,,withholding_tax,True,bank_generated_non_transactional_entry,0,
BST-ACC0118924-000006,ACC0118924,IND19000075,Keystone Retail Bank,2020-02-25 16:58:00,2020-02-25,Bank Charge,FEE-202002-45588,-58.06,,bank_charge,True,bank_generated_non_transactional_entry,0,
BST-ACC0118924-000007,ACC0118924,IND19000075,Keystone Retail Bank,2020-02-25 16:58:00,2020-02-25,Interest Income,FEE-202002-30378,8.34,,interest_income,True,bank_generated_non_transactional_entry,0,
BST-ACC0118924-000008,ACC0118924,IND19000075,Keystone Retail Bank,2020-02-25 16:58:00,2020-02-25,Cash Deposit Fee,FEE-202002-28125,-24.31,,cash_deposit_fee,True,bank_generated_non_transactional_entry,0,
BST-ACC0118924-000009,ACC0118924,IND19000075,Keystone Retail Bank,2020-03-25 12:05:00,2020-03-25,Withholding Tax,FEE-202003-23728,-40.25,,withholding_tax,True,bank_generated_non_transactional_entry,0,
BST-ACC0118924-000010,ACC0118924,IND19000075,Keystone Retail Bank,2020-03-25 12:05:00,2020-03-25,Service_Fee,FEE-202003-57599,-119.28,,service_fee,True,bank_generated_non_transactional_entry,0,
BST-ACC0118924-000011,ACC0118924,IND19000075,Keystone Retail Bank,2020-04-25 08:56:00,2020-04-25,Service_Fee,FEE-202004-82330,-123.71,,service_fee,True,bank_generated_non_transactional_entry,0,
BST-ACC0118924-000012,ACC0118924,IND19000075,Keystone Retail Bank,2020-04-25 08:56:00,2020-04-25,Bank_Charge,FEE-202004-48496,-104.11,,bank_charge,True,bank_generated_non_transactional_entry,0,
BST-ACC0118924-000013,ACC0118924,IND19000075,Keystone Retail Bank,2020-05-25 07:59:00,2020-05-25,Service Fee,FEE-202005-41824,-79.91,,service_fee,True,bank_generated_non_transactional_entry,0,
BST-ACC0118924-000014,ACC0118924,IND19000075,Keystone Retail Bank,2020-05-25 07:59:00,2020-05-25,Withholding Tax,FEE-202005-24985,-2.91,,withholding_tax,True,bank_generated_non_transactional_entry,0,
BST-ACC0118924-000015,ACC0118924,IND19000075,Keystone Retail Bank,2020-05-25 07:59:00,2020-05-25,Bank Charge,FEE-202005-62206,-142.14,,bank_charge,True,bank_generated_non_transactional_entry,0,
BST-ACC0118925-000009,ACC0118925,IND19000416,Keystone Retail Bank,2019-12-19 00:00:00,2019-12-19,External EFT credit,UNALLOC-509142,3711.31,,bank_only_transaction,True,missing_in_ledger,0,
BST-ACC0118925-000001,ACC0118925,IND19000416,Keystone Retail Bank,2019-12-25 08:08:00,2019-12-25,Cash Deposit Fee,FEE-201912-47182,-141.62,,cash_deposit_fee,True,bank_generated_non_transactional_entry,0,
BST-ACC0118925-000002,ACC0118925,IND19000416,Keystone Retail Bank,2019-12-25 08:08:00,2019-12-25,Bank Charge,FEE-201912-61947,-5.65,,bank_charge,True,bank_generated_non_transactional_entry,0,
BST-ACC0118925-000003,ACC0118925,IND19000416,Keystone Retail Bank,2019-12-25 08:08:00,2019-12-25,Withholding Tax,FEE-201912-87512,-20.53,,withholding_tax,True,bank_generated_non_transactional_entry,0,
BST-ACC0118925-000004,ACC0118925,IND19000416,Keystone Retail Bank,2020-01-25 10:48:00,2020-01-25,Bank Charge,FEE-202001-14064,-63.37,,bank_charge,True,bank_generated_non_transactional_entry,0,
BST-ACC0118925-000005,ACC0118925,IND19000416,Keystone Retail Bank,2020-01-25 10:48:00,2020-01-25,Service Fee,FEE-202001-60073,-25.07,,service_fee,True,bank_generated_non_transactional_entry,0,
BST-ACC0118925-000006,ACC0118925,IND19000416,Keystone Retail Bank,2020-02-25 11:19:00,2020-02-25,Bank_Charge,FEE-202002-41795,-16.52,,bank_charge,True,bank_generated_non_transactional_entry,0,
BST-ACC0118925-000007,ACC0118925,IND19000416,Keystone Retail Bank,2020-02-25 11:19:00,2020-02-25,Interest Income,FEE-202002-12941,0.55,,interest_income,True,bank_generated_non_transactional_entry,0,
BST-ACC0118925-000008,ACC0118925,IND19000416,Keystone Retail Bank,2020-02-25 11:19:00,2020-02-25,Withholding_Tax,FEE-202002-29781,-4.31,,withholding_tax,True,bank_generated_non_transactional_entry,0,
BST-ACC0118926-000001,ACC0118926,IND19000226,Keystone Retail Bank,2019-12-25 16:57:00,2019-12-25,Withholding_Tax,FEE-201912-68805,-22.32,,withholding_tax,True,bank_generated_non_transactional_entry,0,
BST-ACC0118926-000002,ACC0118926,IND19000226,Keystone Retail Bank,2019-12-25 16:57:00,2019-12-25,Interest Income,FEE-201912-42379,4.26,,interest_income,True,bank_generated_non_transactional_entry,0,
BST-ACC0118926-000003,ACC0118926,IND19000226,Keystone Retail Bank,2019-12-25 16:57:00,2019-12-25,Bank Charge,FEE-201912-88119,-146.04,,bank_charge,True,bank_generated_non_transactional_entry,0,
BST-ACC0118926-000004,ACC0118926,IND19000226,Keystone Retail Bank,2020-01-25 09:33:00,2020-01-25,Bank Charge,FEE-202001-47743,-142.0,,bank_charge,True,bank_generated_non_transactional_entry,0,
BST-ACC0118926-000005,ACC0118926,IND19000226,Keystone Retail Bank,2020-01-25 09:33:00,2020-01-25,Withholding_Tax,FEE-202001-19428,-21.77,,withholding_tax,True,bank_generated_non_transactional_entry,0,
BST-ACC0118926-000006,ACC0118926,IND19000226,Keystone Retail Bank,2020-02-25 14:17:00,2020-02-25,Bank_Charge,FEE-202002-42341,-26.02,,bank_charge,True,bank_generated_non_transactional_entry,0,
BST-ACC0118926-000007,ACC0118926,IND19000226,Keystone Retail Bank,2020-03-25 16:11:00,2020-03-25,Cash_Deposit_Fee,FEE-202003-99011,-20.45,,cash_deposit_fee,True,bank_generated_non_transactional_entry,0,
BST-ACC0118926-000008,ACC0118926,IND19000226,Keystone Retail Bank,2020-04-25 13:14:00,2020-04-25,Withholding Tax,FEE-202004-60844,-42.9,,withholding_tax,True,bank_generated_non_transactional_entry,0,
BST-ACC0118926-000009,ACC0118926,IND19000226,Keystone Retail Bank,2020-04-25 13:14:00,2020-04-25,Interest Income,FEE-202004-60475,4.77,,interest_income,True,bank_generated_non_transactional_entry,0,
BST-ACC0118926-000010,ACC0118926,IND19000226,Keystone Retail Bank,2020-04-25 13:14:00,2020-04-25,Service Fee,FEE-202004-84108,-139.9,,service_fee,True,bank_generated_non_transactional_entry,0,
BST-ACC0118926-000011,ACC0118926,IND19000226,Keystone Retail Bank,2020-05-25 09:40:00,2020-05-25,Cash Deposit Fee,FEE-202005-77628,-12.92,,cash_deposit_fee,True,bank_generated_non_transactional_entry,0,
BST-ACC0118926-000012,ACC0118926,IND19000226,Keystone Retail Bank,2020-05-25 09:40:00,2020-05-25,Service Fee,FEE-202005-55465,-53.05,,service_fee,True,bank_generated_non_transactional_entry,0,
BST-ACC0118927-000001,ACC0118927,IND19000055,Keystone Retail Bank,2019-12-25 17:14:00,2019-12-25,Service_Fee,FEE-201912-20791,-119.22,,service_fee,True,bank_generated_non_transactional_entry,0,
BST-ACC0118927-000002,ACC0118927,IND19000055,Keystone Retail Bank,2019-12-25 17:14:00,2019-12-25,Bank Charge,FEE-201912-65564,-85.08,,bank_charge,True,bank_generated_non_transactional_entry,0,
BST-ACC0118927-000003,ACC0118927,IND19000055,Keystone Retail Bank,2020-01-25 11:21:00,2020-01-25,Withholding_Tax,FEE-202001-30928,-43.77,,withholding_tax,True,bank_generated_non_transactional_entry,0,
BST-ACC0118927-000004,ACC0118927,IND19000055,Keystone Retail Bank,2020-02-25 14:30:00,2020-02-25,Cash Deposit Fee,FEE-202002-71304,-128.11,,cash_deposit_fee,True,bank_generated_non_transactional_entry,0,
BST-ACC0118927-000005,ACC0118927,IND19000055,Keystone Retail Bank,2020-03-25 16:09:00,2020-03-25,Cash_Deposit_Fee,FEE-202003-63840,-66.77,,cash_deposit_fee,True,bank_generated_non_transactional_entry,0,
BST-ACC0118927-000006,ACC0118927,IND19000055,Keystone Retail Bank,2020-03-25 16:09:00,2020-03-25,Interest Income,FEE-202003-98868,0.68,,interest_income,True,bank_generated_non_transactional_entry,0,
BST-ACC0118927-000012,ACC0118927,IND19000055,Keystone Retail Bank,2020-04-10 00:00:00,2020-04-10,External EFT credit,UNALLOC-365156,1875.69,,bank_only_transaction,True,missing_in_ledger,0,
BST-ACC0118927-000007,ACC0118927,IND19000055,Keystone Retail Bank,2020-04-25 15:05:00,2020-04-25,Bank Charge,FEE-202004-19814,-140.92,,bank_charge,True,bank_generated_non_transactional_entry,0,
BST-ACC0118927-000008,ACC0118927,IND19000055,Keystone Retail Bank,2020-04-25 15:05:00,2020-04-25,Cash Deposit Fee,FEE-202004-94839,-138.41,,cash_deposit_fee,True,bank_generated_non_transactional_entry,0,
BST-ACC0118927-000009,ACC0118927,IND19000055,Keystone Retail Bank,2020-05-25 09:29:00,2020-05-25,Interest Income,FEE-202005-98459,2.18,,interest_income,True,bank_generated_non_transactional_entry,0,
BST-ACC0118927-000010,ACC0118927,IND19000055,Keystone Retail Bank,2020-05-25 09:29:00,2020-05-25,Cash Deposit Fee,FEE-202005-83883,-20.88,,cash_deposit_fee,True,bank_generated_non_transactional_entry,0,
BST-ACC0118927-000011,ACC0118927,IND19000055,Keystone Retail Bank,2020-05-25 09:29:00,2020-05-25,Bank_Charge,FEE-202005-63358,-121.67,,bank_charge,True,bank_generated_non_transactional_entry,0,
BST-ACC0118928-000001,ACC0118928,IND19000201,Keystone Retail Bank,2019-12-25 08:03:00,2019-12-25,Service Fee,FEE-201912-38304,-135.59,,service_fee,True,bank_generated_non_transactional_entry,0,
BST-ACC0118928-000002,ACC0118928,IND19000201,Keystone Retail Bank,2019-12-25 08:03:00,2019-12-25,Bank Charge,FEE-201912-34972,-33.5,,bank_charge,True,bank_generated_non_transactional_entry,0,
BST-ACC0118928-000003,ACC0118928,IND19000201,Keystone Retail Bank,2019-12-25 08:03:00,2019-12-25,Interest Income,FEE-201912-88180,2.77,,interest_income,True,bank_generated_non_transactional_entry,0,
BST-ACC0118928-000004,ACC0118928,IND19000201,Keystone Retail Bank,2020-01-25 10:41:00,2020-01-25,Bank Charge,FEE-202001-60027,-25.35,,bank_charge,True,bank_generated_non_transactional_entry,0,
BST-ACC0118928-000005,ACC0118928,IND19000201,Keystone Retail Bank,2020-01-25 10:41:00,2020-01-25,Service Fee,FEE-202001-32692,-59.43,,service_fee,True,bank_generated_non_transactional_entry,0,
BST-ACC0118928-000014,ACC0118928,IND19000201,Keystone Retail Bank,2020-02-05 00:00:00,2020-02-05,Manual correction,UNALLOC-204376,1811.96,,bank_only_transaction,True,missing_in_ledger,0,
BST-ACC0118928-000006,ACC0118928,IND19000201,Keystone Retail Bank,2020-02-25 08:09:00,2020-02-25,Interest_Income,FEE-202002-41545,1.54,,interest_income,True,bank_generated_non_transactional_entry,0,
BST-ACC0118928-000007,ACC0118928,IND19000201,Keystone Retail Bank,2020-02-25 08:09:00,2020-02-25,Service Fee,FEE-202002-13179,-56.07,,service_fee,True,bank_generated_non_transactional_entry,0,
BST-ACC0118928-000008,ACC0118928,IND19000201,Keystone Retail Bank,2020-03-25 14:38:00,2020-03-25,Service_Fee,FEE-202003-85077,-78.95,,service_fee,True,bank_generated_non_transactional_entry,0,
BST-ACC0118928-000009,ACC0118928,IND19000201,Keystone Retail Bank,2020-03-25 14:38:00,2020-03-25,Withholding Tax,FEE-202003-92879,-10.58,,withholding_tax,True,bank_generated_non_transactional_entry,0,
BST-ACC0118928-000010,ACC0118928,IND19000201,Keystone Retail Bank,2020-04-25 16:51:00,2020-04-25,Interest_Income,FEE-202004-48820,4.19,,interest_income,True,bank_generated_non_transactional_entry,0,
BST-ACC0118928-000011,ACC0118928,IND19000201,Keystone Retail Bank,2020-04-25 16:51:00,2020-04-25,Withholding Tax,FEE-202004-60731,-49.07,,withholding_tax,True,bank_generated_non_transactional_entry,0,
BST-ACC0118928-000012,ACC0118928,IND19000201,Keystone Retail Bank,2020-05-25 08:01:00,2020-05-25,Withholding Tax,FEE-202005-33539,-42.4,,withholding_tax,True,bank_generated_non_transactional_entry,0,
BST-ACC0118928-000013,ACC0118928,IND19000201,Keystone Retail Bank,2020-05-25 08:01:00,2020-05-25,Cash Deposit Fee,FEE-202005-33596,-151.05,,cash_deposit_fee,True,bank_generated_non_transactional_entry,0,
BST-ACC0118929-000001,ACC0118929,IND19000356,Keystone Retail Bank,2019-12-25 07:36:00,2019-12-25,Interest Income,FEE-201912-47415,2.62,,interest_income,True,bank_generated_non_transactional_entry,0,
BST-ACC0118929-000002,ACC0118929,IND19000356,Keystone Retail Bank,2019-12-25 07:36:00,2019-12-25,Cash_Deposit_Fee,FEE-201912-35910,-74.66,,cash_deposit_fee,True,bank_generated_non_transactional_entry,0,
BST-ACC0118929-000003,ACC0118929,IND19000356,Keystone Retail Bank,2020-01-25 11:49:00,2020-01-25,Withholding_Tax,FEE-202001-90690,-63.66,,withholding_tax,True,bank_generated_non_transactional_entry,0,
BST-ACC0118929-000004,ACC0118929,IND19000356,Keystone Retail Bank,2020-01-25 11:49:00,2020-01-25,Bank Charge,FEE-202001-53423,-54.45,,bank_charge,True,bank_generated_non_transactional_entry,0,
BST-ACC0118929-000005,ACC0118929,IND19000356,Keystone Retail Bank,2020-01-25 11:49:00,2020-01-25,Interest Income,FEE-202001-59963,2.69,,interest_income,True,bank_generated_non_transactional_entry,0,
BST-ACC0118929-000006,ACC0118929,IND19000356,Keystone Retail Bank,2020-02-25 11:32:00,2020-02-25,Interest Income,FEE-202002-78122,0.24,,interest_income,True,bank_generated_non_transactional_entry,0,
BST-ACC0118929-000007,ACC0118929,IND19000356,Keystone Retail Bank,2020-02-25 11:32:00,2020-02-25,Withholding Tax,FEE-202002-24044,-3.02,,withholding_tax,True,bank_generated_non_transactional_entry,0,
BST-ACC0118929-000008,ACC0118929,IND19000356,Keystone Retail Bank,2020-03-25 08:30:00,2020-03-25,Bank Charge,FEE-202003-46757,-24.84,,bank_charge,True,bank_generated_non_transactional_entry,0,
BST-ACC0118929-000009,ACC0118929,IND19000356,Keystone Retail Bank,2020-04-25 17:34:00,2020-04-25,Withholding Tax,FEE-202004-40788,-42.39,,withholding_tax,True,bank_generated_non_transactional_entry,0,
BST-ACC0118929-000010,ACC0118929,IND19000356,Keystone Retail Bank,2020-04-25 17:34:00,2020-04-25,Service Fee,FEE-202004-77955,-33.9,,service_fee,True,bank_generated_non_transactional_entry,0,
BST-ACC0118929-000011,ACC0118929,IND19000356,Keystone Retail Bank,2020-04-25 17:34:00,2020-04-25,Bank_Charge,FEE-202004-66137,-139.69,,bank_charge,True,bank_generated_non_transactional_entry,0,
BST-ACC0118929-000012,ACC0118929,IND19000356,Keystone Retail Bank,2020-05-25 17:59:00,2020-05-25,Withholding Tax,FEE-202005-58223,-33.0,,withholding_tax,True,bank_generated_non_transactional_entry,0,
BST-ACC0118929-000013,ACC0118929,IND19000356,Keystone Retail Bank,2020-05-25 17:59:00,2020-05-25,Cash Deposit Fee,FEE-202005-71764,-35.35,,cash_deposit_fee,True,bank_generated_non_transactional_entry,0,
BST-ACC0118929-000014,ACC0118929,IND19000356,Keystone Retail Bank,2020-05-25 17:59:00,2020-05-25,Service Fee,FEE-202005-42859,-66.32,,service_fee,True,bank_generated_non_transactional_entry,0,
BST-ACC0118930-000012,ACC0118930,IND19000435,Keystone Retail Bank,2019-12-09 00:00:00,2019-12-09,Unallocated deposit,UNALLOC-544130,2213.76,,bank_only_transaction,True,missing_in_ledger,0,
BST-ACC0118930-000001,ACC0118930,IND19000435,Keystone Retail Bank,2019-12-25 14:53:00,2019-12-25,Service Fee,FEE-201912-57752,-145.72,,service_fee,True,bank_generated_non_transactional_entry,0,
BST-ACC0118930-000002,ACC0118930,IND19000435,Keystone Retail Bank,2019-12-25 14:53:00,2019-12-25,Cash_Deposit_Fee,FEE-201912-74871,-135.71,,cash_deposit_fee,True,bank_generated_non_transactional_entry,0,
BST-ACC0118930-000003,ACC0118930,IND19000435,Keystone Retail Bank,2020-01-25 16:15:00,2020-01-25,Bank Charge,FEE-202001-87107,-94.86,,bank_charge,True,bank_generated_non_transactional_entry,0,
BST-ACC0118930-000004,ACC0118930,IND19000435,Keystone Retail Bank,2020-01-25 16:15:00,2020-01-25,Interest Income,FEE-202001-78261,2.24,,interest_income,True,bank_generated_non_transactional_entry,0,
BST-ACC0118930-000005,ACC0118930,IND19000435,Keystone Retail Bank,2020-01-25 16:15:00,2020-01-25,Withholding Tax,FEE-202001-54581,-49.25,,withholding_tax,True,bank_generated_non_transactional_entry,0,
BST-ACC0118930-000006,ACC0118930,IND19000435,Keystone Retail Bank,2020-02-25 07:43:00,2020-02-25,Service Fee,FEE-202002-44156,-137.28,,service_fee,True,bank_generated_non_transactional_entry,0,
BST-ACC0118930-000007,ACC0118930,IND19000435,Keystone Retail Bank,2020-03-25 17:10:00,2020-03-25,Service_Fee,FEE-202003-48615,-103.57,,service_fee,True,bank_generated_non_transactional_entry,0,
BST-ACC0118930-000008,ACC0118930,IND19000435,Keystone Retail Bank,2020-03-25 17:10:00,2020-03-25,Withholding Tax,FEE-202003-73373,-1.69,,withholding_tax,True,bank_generated_non_transactional_entry,0,
BST-ACC0118930-000009,ACC0118930,IND19000435,Keystone Retail Bank,2020-04-25 15:38:00,2020-04-25,Bank Charge,FEE-202004-38758,-81.84,,bank_charge,True,bank_generated_non_transactional_entry,0,
BST-ACC0118930-000010,ACC0118930,IND19000435,Keystone Retail Bank,2020-05-25 13:40:00,2020-05-25,Bank_Charge,FEE-202005-40171,-153.94,,bank_charge,True,bank_generated_non_transactional_entry,0,
BST-ACC0118930-000011,ACC0118930,IND19000435,Keystone Retail Bank,2020-05-25 13:40:00,2020-05-25,Cash_Deposit_Fee,FEE-202005-39785,-16.3,,cash_deposit_fee,True,bank_generated_non_transactional_entry,0,
BST-ACC0118931-000001,ACC0118931,IND19000016,Keystone Retail Bank,2019-12-25 10:37:00,2019-12-25,Cash Deposit Fee,FEE-201912-67793,-62.95,,cash_deposit_fee,True,bank_generated_non_transactional_entry,0,
BST-ACC0118931-000002,ACC0118931,IND19000016,Keystone Retail Bank,2019-12-25 10:37:00,2019-12-25,Bank Charge,FEE-201912-92624,-82.87,,bank_charge,True,bank_generated_non_transactional_entry,0,
BST-ACC0118931-000011,ACC0118931,IND19000016,Keystone Retail Bank,2019-12-27 00:00:00,2019-12-27,Manual correction,UNALLOC-630423,2428.1,,bank_only_transaction,True,missing_in_ledger,0,
BST-ACC0118931-000003,ACC0118931,IND19000016,Keystone Retail Bank,2020-01-25 15:00:00,2020-01-25,Withholding_Tax,FEE-202001-50122,-23.0,,withholding_tax,True,bank_generated_non_transactional_entry,0,
BST-ACC0118931-000004,ACC0118931,IND19000016,Keystone Retail Bank,2020-01-25 15:00:00,2020-01-25,Cash Deposit Fee,FEE-202001-30503,-143.69,,cash_deposit_fee,True,bank_generated_non_transactional_entry,0,
BST-ACC0118931-000005,ACC0118931,IND19000016,Keystone Retail Bank,2020-02-25 14:29:00,2020-02-25,Withholding Tax,FEE-202002-69913,-50.15,,withholding_tax,True,bank_generated_non_transactional_entry,0,
BST-ACC0118931-000006,ACC0118931,IND19000016,Keystone Retail Bank,2020-03-25 12:50:00,2020-03-25,Bank Charge,FEE-202003-98468,-125.98,,bank_charge,True,bank_generated_non_transactional_entry,0,
BST-ACC0118931-000007,ACC0118931,IND19000016,Keystone Retail Bank,2020-04-25 10:10:00,2020-04-25,Service Fee,FEE-202004-70850,-86.98,,service_fee,True,bank_generated_non_transactional_entry,0,
BST-ACC0118931-000008,ACC0118931,IND19000016,Keystone Retail Bank,2020-04-25 10:10:00,2020-04-25,Withholding_Tax,FEE-202004-39190,-47.89,,withholding_tax,True,bank_generated_non_transactional_entry,0,
BST-ACC0118931-000009,ACC0118931,IND19000016,Keystone Retail Bank,2020-05-25 07:21:00,2020-05-25,Service_Fee,FEE-202005-49324,-31.69,,service_fee,True,bank_generated_non_transactional_entry,0,
BST-ACC0118931-000010,ACC0118931,IND19000016,Keystone Retail Bank,2020-05-25 07:21:00,2020-05-25,Interest Income,FEE-202005-29189,1.85,,interest_income,True,bank_generated_non_transactional_entry,0,
BST-ACC0118932-000001,ACC0118932,IND19000469,Keystone Retail Bank,2019-12-25 09:21:00,2019-12-25,Cash_Deposit_Fee,FEE-201912-12739,-111.45,,cash_deposit_fee,True,bank_generated_non_transactional_entry,0,
BST-ACC0118932-000002,ACC0118932,IND19000469,Keystone Retail Bank,2019-12-25 09:21:00,2019-12-25,Interest Income,FEE-201912-80409,1.36,,interest_income,True,bank_generated_non_transactional_entry,0,
BST-ACC0118932-000003,ACC0118932,IND19000469,Keystone Retail Bank,2019-12-25 09:21:00,2019-12-25,Service Fee,FEE-201912-26013,-75.49,,service_fee,True,bank_generated_non_transactional_entry,0,
BST-ACC0118932-000004,ACC0118932,IND19000469,Keystone Retail Bank,2020-01-25 07:29:00,2020-01-25,Cash Deposit Fee,FEE-202001-41900,-46.74,,cash_deposit_fee,True,bank_generated_non_transactional_entry,0,
BST-ACC0118932-000005,ACC0118932,IND19000469,Keystone Retail Bank,2020-02-25 07:57:00,2020-02-25,Service_Fee,FEE-202002-98954,-159.81,,service_fee,True,bank_generated_non_transactional_entry,0,
BST-ACC0118932-000006,ACC0118932,IND19000469,Keystone Retail Bank,2020-02-25 07:57:00,2020-02-25,Bank_Charge,FEE-202002-10894,-42.77,,bank_charge,True,bank_generated_non_transactional_entry,0,
BST-ACC0118932-000007,ACC0118932,IND19000469,Keystone Retail Bank,2020-03-25 14:21:00,2020-03-25,Bank Charge,FEE-202003-38234,-36.35,,bank_charge,True,bank_generated_non_transactional_entry,0,
BST-ACC0118932-000008,ACC0118932,IND19000469,Keystone Retail Bank,2020-03-25 14:21:00,2020-03-25,Service Fee,FEE-202003-20900,-124.67,,service_fee,True,bank_generated_non_transactional_entry,0,
BST-ACC0118932-000009,ACC0118932,IND19000469,Keystone Retail Bank,2020-04-25 08:18:00,2020-04-25,Bank_Charge,FEE-202004-62975,-143.16,,bank_charge,True,bank_generated_non_transactional_entry,0,
BST-ACC0118932-000010,ACC0118932,IND19000469,Keystone Retail Bank,2020-04-25 08:18:00,2020-04-25,Interest Income,FEE-202004-26160,4.34,,interest_income,True,bank_generated_non_transactional_entry,0,
BST-ACC0118932-000011,ACC0118932,IND19000469,Keystone Retail Bank,2020-04-25 08:18:00,2020-04-25,Cash_Deposit_Fee,FEE-202004-57776,-153.6,,cash_deposit_fee,True,bank_generated_non_transactional_entry,0,
BST-ACC0118932-000012,ACC0118932,IND19000469,Keystone Retail Bank,2020-05-25 12:52:00,2020-05-25,Cash_Deposit_Fee,FEE-202005-72142,-30.35,,cash_deposit_fee,True,bank_generated_non_transactional_entry,0,
BST-ACC0118932-000013,ACC0118932,IND19000469,Keystone Retail Bank,2020-05-25 12:52:00,2020-05-25,Bank Charge,FEE-202005-25194,-158.62,,bank_charge,True,bank_generated_non_transactional_entry,0,
BST-ACC0118933-000001,ACC0118933,IND19000147,Keystone Retail Bank,2019-12-25 10:40:00,2019-12-25,Service Fee,FEE-201912-75542,-11.85,,service_fee,True,bank_generated_non_transactional_entry,0,
BST-ACC0118933-000002,ACC0118933,IND19000147,Keystone Retail Bank,2020-01-25 17:02:00,2020-01-25,Bank Charge,FEE-202001-12334,-136.82,,bank_charge,True,bank_generated_non_transactional_entry,0,
BST-ACC0118933-000003,ACC0118933,IND19000147,Keystone Retail Bank,2020-01-25 17:02:00,2020-01-25,Withholding Tax,FEE-202001-88787,-4.82,,withholding_tax,True,bank_generated_non_transactional_entry,0,
BST-ACC0118933-000004,ACC0118933,IND19000147,Keystone Retail Bank,2020-02-25 11:19:00,2020-02-25,Withholding_Tax,FEE-202002-98315,-28.5,,withholding_tax,True,bank_generated_non_transactional_entry,0,
BST-ACC0118934-000001,ACC0118934,IND19000480,Keystone Retail Bank,2019-12-25 14:55:00,2019-12-25,Cash Deposit Fee,FEE-201912-83948,-147.34,,cash_deposit_fee,True,bank_generated_non_transactional_entry,0,
BST-ACC0118934-000002,ACC0118934,IND19000480,Keystone Retail Bank,2020-01-25 08:20:00,2020-01-25,Bank Charge,FEE-202001-48372,-26.93,,bank_charge,True,bank_generated_non_transactional_entry,0,
BST-ACC0118934-000003,ACC0118934,IND19000480,Keystone Retail Bank,2020-01-25 08:20:00,2020-01-25,Withholding_Tax,FEE-202001-71232,-3.44,,withholding_tax,True,bank_generated_non_transactional_entry,0,
BST-ACC0118934-000004,ACC0118934,IND19000480,Keystone Retail Bank,2020-02-25 13:49:00,2020-02-25,Bank Charge,FEE-202002-93765,-159.15,,bank_charge,True,bank_generated_non_transactional_entry,0,
BST-ACC0118935-000001,ACC0118935,IND19000269,Keystone Retail Bank,2019-12-25 15:11:00,2019-12-25,Withholding_Tax,FEE-201912-68654,-32.28,,withholding_tax,True,bank_generated_non_transactional_entry,0,
BST-ACC0118935-000002,ACC0118935,IND19000269,Keystone Retail Bank,2019-12-25 15:11:00,2019-12-25,Bank Charge,FEE-201912-26018,-155.4,,bank_charge,True,bank_generated_non_transactional_entry,0,
BST-ACC0118935-000003,ACC0118935,IND19000269,Keystone Retail Bank,2020-01-25 12:51:00,2020-01-25,Withholding Tax,FEE-202001-29418,-25.06,,withholding_tax,True,bank_generated_non_transactional_entry,0,
BST-ACC0118935-000004,ACC0118935,IND19000269,Keystone Retail Bank,2020-01-25 12:51:00,2020-01-25,Service_Fee,FEE-202001-18375,-58.47,,service_fee,True,bank_generated_non_transactional_entry,0,
BST-ACC0118935-000005,ACC0118935,IND19000269,Keystone Retail Bank,2020-02-25 08:11:00,2020-02-25,Interest_Income,FEE-202002-50396,3.56,,interest_income,True,bank_generated_non_transactional_entry,0,
BST-ACC0118935-000006,ACC0118935,IND19000269,Keystone Retail Bank,2020-02-25 08:11:00,2020-02-25,Bank_Charge,FEE-202002-36951,-29.25,,bank_charge,True,bank_generated_non_transactional_entry,0,
BST-ACC0118936-000001,ACC0118936,IND19000038,Keystone Retail Bank,2019-12-25 10:26:00,2019-12-25,Withholding Tax,FEE-201912-16566,-59.77,,withholding_tax,True,bank_generated_non_transactional_entry,0,
BST-ACC0118936-000002,ACC0118936,IND19000038,Keystone Retail Bank,2019-12-25 10:26:00,2019-12-25,Cash_Deposit_Fee,FEE-201912-71093,-85.71,,cash_deposit_fee,True,bank_generated_non_transactional_entry,0,
BST-ACC0118936-000003,ACC0118936,IND19000038,Keystone Retail Bank,2019-12-25 10:26:00,2019-12-25,Bank_Charge,FEE-201912-49347,-119.79,,bank_charge,True,bank_generated_non_transactional_entry,0,
BST-ACC0118936-000004,ACC0118936,IND19000038,Keystone Retail Bank,2020-01-25 11:37:00,2020-01-25,Service_Fee,FEE-202001-67401,-74.65,,service_fee,True,bank_generated_non_transactional_entry,0,
BST-ACC0118936-000005,ACC0118936,IND19000038,Keystone Retail Bank,2020-02-25 11:56:00,2020-02-25,Bank Charge,FEE-202002-44019,-116.2,,bank_charge,True,bank_generated_non_transactional_entry,0,
BST-ACC0118936-000006,ACC0118936,IND19000038,Keystone Retail Bank,2020-02-25 11:56:00,2020-02-25,Withholding Tax,FEE-202002-81084,-44.79,,withholding_tax,True,bank_generated_non_transactional_entry,0,
BST-ACC0118936-000007,ACC0118936,IND19000038,Keystone Retail Bank,2020-03-25 17:40:00,2020-03-25,Interest Income,FEE-202003-73062,3.28,,interest_income,True,bank_generated_non_transactional_entry,0,
BST-ACC0118936-000008,ACC0118936,IND19000038,Keystone Retail Bank,2020-03-25 17:40:00,2020-03-25,Cash_Deposit_Fee,FEE-202003-59568,-71.71,,cash_deposit_fee,True,bank_generated_non_transactional_entry,0,
BST-ACC0118936-000009,ACC0118936,IND19000038,Keystone Retail Bank,2020-03-25 17:40:00,2020-03-25,Service Fee,FEE-202003-42503,-112.44,,service_fee,True,bank_generated_non_transactional_entry,0,
BST-ACC0118936-000010,ACC0118936,IND19000038,Keystone Retail Bank,2020-04-25 08:40:00,2020-04-25,Service Fee,FEE-202004-28899,-13.22,,service_fee,True,bank_generated_non_transactional_entry,0,
BST-ACC0118936-000011,ACC0118936,IND19000038,Keystone Retail Bank,2020-04-25 08:40:00,2020-04-25,Interest Income,FEE-202004-13862,2.09,,interest_income,True,bank_generated_non_transactional_entry,0,
BST-ACC0118936-000012,ACC0118936,IND19000038,Keystone Retail Bank,2020-05-25 10:21:00,2020-05-25,Cash Deposit Fee,FEE-202005-65004,-101.22,,cash_deposit_fee,True,bank_generated_non_transactional_entry,0,
BST-ACC0118936-000013,ACC0118936,IND19000038,Keystone Retail Bank,2020-05-25 10:21:00,2020-05-25,Withholding Tax,FEE-202005-73981,-39.68,,withholding_tax,True,bank_generated_non_transactional_entry,0,
BST-ACC0118936-000014,ACC0118936,IND19000038,Keystone Retail Bank,2020-05-25 10:21:00,2020-05-25,Interest_Income,FEE-202005-85424,2.44,,interest_income,True,bank_generated_non_transactional_entry,0,
BST-ACC0118937-000001,ACC0118937,IND19000069,Keystone Retail Bank,2019-12-25 10:56:00,2019-12-25,Withholding_Tax,FEE-201912-62536,-44.97,,withholding_tax,True,bank_generated_non_transactional_entry,0,
BST-ACC0118937-000002,ACC0118937,IND19000069,Keystone Retail Bank,2019-12-25 10:56:00,2019-12-25,Bank_Charge,FEE-201912-98969,-43.32,,bank_charge,True,bank_generated_non_transactional_entry,0,
BST-ACC0118937-000003,ACC0118937,IND19000069,Keystone Retail Bank,2020-01-25 12:59:00,2020-01-25,Interest Income,FEE-202001-99566,0.63,,interest_income,True,bank_generated_non_transactional_entry,0,
BST-ACC0118937-000004,ACC0118937,IND19000069,Keystone Retail Bank,2020-01-25 12:59:00,2020-01-25,Cash_Deposit_Fee,FEE-202001-78569,-65.15,,cash_deposit_fee,True,bank_generated_non_transactional_entry,0,
BST-ACC0118937-000005,ACC0118937,IND19000069,Keystone Retail Bank,2020-01-25 12:59:00,2020-01-25,Withholding_Tax,FEE-202001-23391,-61.72,,withholding_tax,True,bank_generated_non_transactional_entry,0,
BST-ACC0118937-000006,ACC0118937,IND19000069,Keystone Retail Bank,2020-02-25 07:30:00,2020-02-25,Bank Charge,FEE-202002-60630,-130.79,,bank_charge,True,bank_generated_non_transactional_entry,0,
BST-ACC0118937-000007,ACC0118937,IND19000069,Keystone Retail Bank,2020-03-25 14:20:00,2020-03-25,Service Fee,FEE-202003-56866,-32.02,,service_fee,True,bank_generated_non_transactional_entry,0,
BST-ACC0118937-000008,ACC0118937,IND19000069,Keystone Retail Bank,2020-03-25 14:20:00,2020-03-25,Interest Income,FEE-202003-21578,4.39,,interest_income,True,bank_generated_non_transactional_entry,0,
BST-ACC0118937-000009,ACC0118937,IND19000069,Keystone Retail Bank,2020-04-25 15:58:00,2020-04-25,Interest Income,FEE-202004-36120,2.18,,interest_income,True,bank_generated_non_transactional_entry,0,
BST-ACC0118937-000010,ACC0118937,IND19000069,Keystone Retail Bank,2020-04-25 15:58:00,2020-04-25,Bank Charge,FEE-202004-10004,-11.76,,bank_charge,True,bank_generated_non_transactional_entry,0,
BST-ACC0118937-000011,ACC0118937,IND19000069,Keystone Retail Bank,2020-05-25 07:45:00,2020-05-25,Withholding_Tax,FEE-202005-81558,-59.86,,withholding_tax,True,bank_generated_non_transactional_entry,0,
BST-ACC0118937-000012,ACC0118937,IND19000069,Keystone Retail Bank,2020-05-25 07:45:00,2020-05-25,Bank Charge,FEE-202005-66412,-20.65,,bank_charge,True,bank_generated_non_transactional_entry,0,
BST-ACC0118938-000001,ACC0118938,IND19000063,Keystone Retail Bank,2019-12-25 13:59:00,2019-12-25,Interest Income,FEE-201912-10276,1.51,,interest_income,True,bank_generated_non_transactional_entry,0,
BST-ACC0118938-000002,ACC0118938,IND19000063,Keystone Retail Bank,2020-01-25 16:03:00,2020-01-25,Service Fee,FEE-202001-86448,-126.93,,service_fee,True,bank_generated_non_transactional_entry,0,
BST-ACC0118938-000003,ACC0118938,IND19000063,Keystone Retail Bank,2020-01-25 16:03:00,2020-01-25,Withholding Tax,FEE-202001-92498,-10.51,,withholding_tax,True,bank_generated_non_transactional_entry,0,
BST-ACC0118938-000004,ACC0118938,IND19000063,Keystone Retail Bank,2020-02-25 09:07:00,2020-02-25,Bank Charge,FEE-202002-82946,-7.94,,bank_charge,True,bank_generated_non_transactional_entry,0,
BST-ACC0118938-000005,ACC0118938,IND19000063,Keystone Retail Bank,2020-02-25 09:07:00,2020-02-25,Service Fee,FEE-202002-50912,-110.6,,service_fee,True,bank_generated_non_transactional_entry,0,
BST-ACC0118938-000006,ACC0118938,IND19000063,Keystone Retail Bank,2020-02-25 09:07:00,2020-02-25,Interest Income,FEE-202002-95619,4.29,,interest_income,True,bank_generated_non_transactional_entry,0,
BST-ACC0118940-000001,ACC0118940,IND19000196,Keystone Retail Bank,2019-12-25 16:34:00,2019-12-25,Service Fee,FEE-201912-93681,-85.01,,service_fee,True,bank_generated_non_transactional_entry,0,
BST-ACC0118940-000002,ACC0118940,IND19000196,Keystone Retail Bank,2019-12-25 16:34:00,2019-12-25,Bank_Charge,FEE-201912-46216,-139.41,,bank_charge,True,bank_generated_non_transactional_entry,0,
BST-ACC0118940-000003,ACC0118940,IND19000196,Keystone Retail Bank,2020-01-25 09:54:00,2020-01-25,Service_Fee,FEE-202001-53622,-134.65,,service_fee,True,bank_generated_non_transactional_entry,0,
BST-ACC0118940-000004,ACC0118940,IND19000196,Keystone Retail Bank,2020-01-25 09:54:00,2020-01-25,Withholding Tax,FEE-202001-52833,-26.17,,withholding_tax,True,bank_generated_non_transactional_entry,0,
BST-ACC0118940-000005,ACC0118940,IND19000196,Keystone Retail Bank,2020-02-25 17:14:00,2020-02-25,Cash_Deposit_Fee,FEE-202002-54686,-123.3,,cash_deposit_fee,True,bank_generated_non_transactional_entry,0,
BST-ACC0118941-000001,ACC0118941,IND19000376,Keystone Retail Bank,2019-12-25 12:35:00,2019-12-25,Withholding Tax,FEE-201912-45728,-10.37,,withholding_tax,True,bank_generated_non_transactional_entry,0,
BST-ACC0118941-000002,ACC0118941,IND19000376,Keystone Retail Bank,2019-12-25 12:35:00,2019-12-25,Interest_Income,FEE-201912-95104,3.63,,interest_income,True,bank_generated_non_transactional_entry,0,
BST-ACC0118941-000003,ACC0118941,IND19000376,Keystone Retail Bank,2019-12-25 12:35:00,2019-12-25,Service_Fee,FEE-201912-41805,-91.12,,service_fee,True,bank_generated_non_transactional_entry,0,
BST-ACC0118941-000004,ACC0118941,IND19000376,Keystone Retail Bank,2020-01-25 07:49:00,2020-01-25,Bank Charge,FEE-202001-72488,-11.71,,bank_charge,True,bank_generated_non_transactional_entry,0,
BST-ACC0118941-000005,ACC0118941,IND19000376,Keystone Retail Bank,2020-02-25 12:53:00,2020-02-25,Interest Income,FEE-202002-27724,3.89,,interest_income,True,bank_generated_non_transactional_entry,0,
BST-ACC0118941-000006,ACC0118941,IND19000376,Keystone Retail Bank,2020-02-25 12:53:00,2020-02-25,Bank Charge,FEE-202002-49066,-105.16,,bank_charge,True,bank_generated_non_transactional_entry,0,
BST-ACC0118941-000007,ACC0118941,IND19000376,Keystone Retail Bank,2020-02-25 12:53:00,2020-02-25,Service_Fee,FEE-202002-65605,-132.76,,service_fee,True,bank_generated_non_transactional_entry,0,
BST-ACC0118942-000001,ACC0118942,IND19000037,Keystone Retail Bank,2019-12-25 11:02:00,2019-12-25,Withholding Tax,FEE-201912-30629,-45.74,,withholding_tax,True,bank_generated_non_transactional_entry,0,
BST-ACC0118942-000002,ACC0118942,IND19000037,Keystone Retail Bank,2019-12-25 11:02:00,2019-12-25,Interest Income,FEE-201912-58663,4.23,,interest_income,True,bank_generated_non_transactional_entry,0,
BST-ACC0118942-000003,ACC0118942,IND19000037,Keystone Retail Bank,2020-01-25 11:54:00,2020-01-25,Service_Fee,FEE-202001-17208,-74.43,,service_fee,True,bank_generated_non_transactional_entry,0,
BST-ACC0118942-000004,ACC0118942,IND19000037,Keystone Retail Bank,2020-01-25 11:54:00,2020-01-25,Interest Income,FEE-202001-71541,2.1,,interest_income,True,bank_generated_non_transactional_entry,0,
BST-ACC0118942-000005,ACC0118942,IND19000037,Keystone Retail Bank,2020-02-25 10:29:00,2020-02-25,Service Fee,FEE-202002-77451,-114.18,,service_fee,True,bank_generated_non_transactional_entry,0,
BST-ACC0118942-000006,ACC0118942,IND19000037,Keystone Retail Bank,2020-02-25 10:29:00,2020-02-25,Withholding Tax,FEE-202002-91511,-59.81,,withholding_tax,True,bank_generated_non_transactional_entry,0,
BST-ACC0118942-000007,ACC0118942,IND19000037,Keystone Retail Bank,2020-03-25 17:26:00,2020-03-25,Cash_Deposit_Fee,FEE-202003-60581,-60.65,,cash_deposit_fee,True,bank_generated_non_transactional_entry,0,
BST-ACC0118942-000008,ACC0118942,IND19000037,Keystone Retail Bank,2020-03-25 17:26:00,2020-03-25,Interest Income,FEE-202003-94031,1.36,,interest_income,True,bank_generated_non_transactional_entry,0,
BST-ACC0118942-000009,ACC0118942,IND19000037,Keystone Retail Bank,2020-03-25 17:26:00,2020-03-25,Bank Charge,FEE-202003-23323,-133.72,,bank_charge,True,bank_generated_non_transactional_entry,0,
BST-ACC0118942-000010,ACC0118942,IND19000037,Keystone Retail Bank,2020-04-25 07:49:00,2020-04-25,Bank_Charge,FEE-202004-72418,-15.74,,bank_charge,True,bank_generated_non_transactional_entry,0,
BST-ACC0118942-000011,ACC0118942,IND19000037,Keystone Retail Bank,2020-04-25 07:49:00,2020-04-25,Service_Fee,FEE-202004-97060,-4.08,,service_fee,True,bank_generated_non_transactional_entry,0,
BST-ACC0118942-000012,ACC0118942,IND19000037,Keystone Retail Bank,2020-04-25 07:49:00,2020-04-25,Cash_Deposit_Fee,FEE-202004-21424,-81.79,,cash_deposit_fee,True,bank_generated_non_transactional_entry,0,
BST-ACC0118942-000013,ACC0118942,IND19000037,Keystone Retail Bank,2020-05-25 07:21:00,2020-05-25,Bank Charge,FEE-202005-26411,-121.0,,bank_charge,True,bank_generated_non_transactional_entry,0,
BST-ACC0118942-000014,ACC0118942,IND19000037,Keystone Retail Bank,2020-05-25 07:21:00,2020-05-25,Service_Fee,FEE-202005-43176,-16.7,,service_fee,True,bank_generated_non_transactional_entry,0,
BST-ACC0118942-000015,ACC0118942,IND19000037,Keystone Retail Bank,2020-05-25 07:21:00,2020-05-25,Withholding Tax,FEE-202005-85307,-51.92,,withholding_tax,True,bank_generated_non_transactional_entry,0,
BST-ACC0118943-000009,ACC0118943,IND19000257,Keystone Retail Bank,2019-12-21 00:00:00,2019-12-21,External EFT credit,UNALLOC-647533,175.11,,bank_only_transaction,True,missing_in_ledger,0,
BST-ACC0118943-000001,ACC0118943,IND19000257,Keystone Retail Bank,2019-12-25 15:24:00,2019-12-25,Interest Income,FEE-201912-65756,4.02,,interest_income,True,bank_generated_non_transactional_entry,0,
BST-ACC0118943-000002,ACC0118943,IND19000257,Keystone Retail Bank,2019-12-25 15:24:00,2019-12-25,Bank Charge,FEE-201912-42934,-64.59,,bank_charge,True,bank_generated_non_transactional_entry,0,
BST-ACC0118943-000003,ACC0118943,IND19000257,Keystone Retail Bank,2019-12-25 15:24:00,2019-12-25,Service Fee,FEE-201912-70390,-154.5,,service_fee,True,bank_generated_non_transactional_entry,0,
BST-ACC0118943-000004,ACC0118943,IND19000257,Keystone Retail Bank,2020-01-25 14:49:00,2020-01-25,Bank_Charge,FEE-202001-60455,-123.74,,bank_charge,True,bank_generated_non_transactional_entry,0,
BST-ACC0118943-000005,ACC0118943,IND19000257,Keystone Retail Bank,2020-01-25 14:49:00,2020-01-25,Service Fee,FEE-202001-44267,-133.85,,service_fee,True,bank_generated_non_transactional_entry,0,
BST-ACC0118943-000006,ACC0118943,IND19000257,Keystone Retail Bank,2020-01-25 14:49:00,2020-01-25,Interest_Income,FEE-202001-58581,8.17,,interest_income,True,bank_generated_non_transactional_entry,0,
BST-ACC0118943-000007,ACC0118943,IND19000257,Keystone Retail Bank,2020-02-25 11:44:00,2020-02-25,Interest Income,FEE-202002-38837,5.93,,interest_income,True,bank_generated_non_transactional_entry,0,
BST-ACC0118943-000008,ACC0118943,IND19000257,Keystone Retail Bank,2020-02-25 11:44:00,2020-02-25,Service Fee,FEE-202002-36610,-34.81,,service_fee,True,bank_generated_non_transactional_entry,0,
