source_id,source_org,source_title,source_url,source_type,themes,usage_note
SRC-001,McKinsey,The state of retail banking: Profitability and growth in the era of digital and AI,https://www.mckinsey.com/industries/financial-services/our-insights/the-state-of-retail-banking-profitability-and-growth-in-the-era-of-digital-and-ai,industry research,customer primacy; margin protection; digital; AI,Scenario inspiration only; no source statistics are presented as Keystone facts.
SRC-002,McKinsey,Special edition on advanced analytics in banking,https://www.mckinsey.com/~/media/mckinsey/industries/financial%20services/our%20insights/mckinsey%20on%20payments%2028%20special%20edition%20on%20advanced%20analytics%20in%20banking/mck-on-payments-28-special-edition-advanced-analytics-in-banking.pdf,industry research,collections; customer value; fraud; operating models,Scenario inspiration only; no source statistics are presented as Keystone facts.
SRC-003,McKinsey,The future of operational-risk management in financial services,https://www.mckinsey.com/capabilities/risk-and-resilience/our-insights/the-future-of-operational-risk-management-in-financial-services,industry research,operational risk; cyber; fraud; false positives,Scenario inspiration only; no source statistics are presented as Keystone facts.
SRC-004,McKinsey,Why most digital banking transformations fail and how to flip the odds,https://www.mckinsey.com/capabilities/tech-and-ai/our-insights/tech-forward/why-most-digital-banking-transformations-fail-and-how-to-flip-the-odds,industry research,digital operating model; customer journeys; technology,Scenario inspiration only; no source statistics are presented as Keystone facts.
SRC-005,McKinsey,Extracting value from AI in banking: Rewiring the enterprise,https://www.mckinsey.com/industries/financial-services/our-insights/extracting-value-from-ai-in-banking-rewiring-the-enterprise,industry research,AI governance; personalisation; productivity; risk,Scenario inspiration only; no source statistics are presented as Keystone facts.
SRC-006,McKinsey,Global payments report,https://www.mckinsey.com/industries/financial-services/our-insights/global-payments-report,industry research,payments economics; payment rails; fraud; cross-border,Scenario inspiration only; no source statistics are presented as Keystone facts.
SRC-007,South African Reserve Bank Prudential Authority,Prudential Authority annual report 2024/25,https://www.resbank.co.za/content/dam/sarb/publications/reports/pa-annual-reports/2025/prudential-authority-24-25.pdf,regulator,governance; credit; liquidity; cyber; operational resilience,Scenario inspiration only; no source statistics are presented as Keystone facts.
SRC-008,South African Reserve Bank,National Payment System Regulatory and Oversight Report 2024,https://www.resbank.co.za/content/dam/sarb/what-we-do/payments-and-settlements/regulation-oversight-and-supervision/regulatory-and-oversight-reports/nps-regulatory-report-2024.pdf,regulator,payments oversight; cyber resilience; third parties,Scenario inspiration only; no source statistics are presented as Keystone facts.
SRC-009,South African Reserve Bank,Artificial Intelligence in the South African Financial Sector,https://www.resbank.co.za/content/dam/sarb/publications/prudential-authority/pa-public-awareness/covid-19-response/2025/artificial-intelligence-in-the-south-african-financial-sector/Artificial%20Intelligence%20in%20the%20South%20African%20Financial%20Sector.pdf,regulator research,AI; model risk; data quality; privacy; third parties,Scenario inspiration only; no source statistics are presented as Keystone facts.
SRC-010,South African Reserve Bank,PA Regulatory Strategy 2025-2030,https://www.resbank.co.za/content/dam/sarb/what-we-do/prudential-regulation/pa-regulatory-strategy/PA%20Regulatory%20Strategy%202025-2030.pdf,regulator,regulatory reporting; IRRBB; operational resilience; AI,Scenario inspiration only; no source statistics are presented as Keystone facts.
SRC-011,Financial Sector Conduct Authority,Retail Banking Diagnostic,https://www.fsca.co.za/_api/cr3ad_newses%2839ada242-badb-f011-8544-7ced8d771bb0%29/cr3ad_document/%24value,regulator research,fair treatment; fees; product design; customer outcomes,Scenario inspiration only; no source statistics are presented as Keystone facts.
SRC-012,Financial Sector Conduct Authority,Banking sector complaints management review,https://www.fsca.co.za/_api/cr3ad_shareddocumentses%280d56e88f-78de-f011-8407-000d3ab447a5%29/cr3ad_document/%24value,regulator research,complaints; resolution quality; fair outcomes,Scenario inspiration only; no source statistics are presented as Keystone facts.
SRC-013,Financial Intelligence Centre,Financial crime insights: Money mules,https://www.fic.gov.za/wp-content/uploads/2024/06/Financial-Crime-Insights-Money-mules.pdf,financial intelligence,money mules; transaction indicators; reporting,Scenario inspiration only; no source statistics are presented as Keystone facts.
SRC-014,Basel Committee on Banking Supervision,Interest rate risk in the banking book,https://www.bis.org/basel_framework/chapter/SRP/31.htm,international standard,IRRBB; earnings sensitivity; deposit behaviour,Scenario inspiration only; no source statistics are presented as Keystone facts.
SRC-015,Basel Committee on Banking Supervision,Progress in adopting the principles for effective risk data aggregation and reporting,https://www.bis.org/bcbs/publ/d559.pdf,international standard,BCBS 239; lineage; data quality; risk reporting,Scenario inspiration only; no source statistics are presented as Keystone facts.
SRC-016,Basel Committee on Banking Supervision,Core principles for effective banking supervision,https://www.bis.org/bcbs/publ/d573.pdf,international standard,governance; credit; operational resilience; concentration,Scenario inspiration only; no source statistics are presented as Keystone facts.
SRC-017,Basel Committee on Banking Supervision,Principles for sound liquidity risk management and supervision,https://www.bis.org/publ/bcbs144.pdf,international standard,liquidity; funding; stress; reputation,Scenario inspiration only; no source statistics are presented as Keystone facts.
SRC-018,FATF,Mutual evaluation report of South Africa,https://www.fatf-gafi.org/content/dam/fatf-gafi/mer/Mutual-Evaluation-Report-South-Africa.pdf,international assessment,AML; transaction monitoring; investigations; reporting,Scenario inspiration only; no source statistics are presented as Keystone facts.
SRC-019,Reddit r/Banking,ATM cash dispute discussion,https://www.reddit.com/r/Banking/comments/1fgorvh/atm_ate_my_money_and_now_bank_is_denying_dispute/,practitioner and customer signal,ATM disputes; evidence; complaints; customer trust,Scenario inspiration only; no source statistics are presented as Keystone facts.
SRC-020,Reddit r/Banking,Account closure without clear explanation discussion,https://www.reddit.com/r/Banking/comments/1jm7o13/bank_of_america_closed_my_account_with_no_notice/,customer signal,account closure; funds access; communication; legal risk,Scenario inspiration only; no source statistics are presented as Keystone facts.
SRC-021,Reddit r/Banking,Branch queue and teller delay discussion,https://www.reddit.com/r/Banking/comments/pw9o6l/why_bank_tellers_are_slow/,practitioner and customer signal,branch staffing; system latency; transaction complexity,Scenario inspiration only; no source statistics are presented as Keystone facts.
SRC-022,Reddit r/Banking,Customer chargeback experience discussion,https://www.reddit.com/r/Banking/comments/smeqn8/what_banks_are_generally_side_with_the_customer/,customer signal,disputes; customer trust; evidence; attrition,Scenario inspiration only; no source statistics are presented as Keystone facts.
