comm_id,account_id,customer_id,channel,direction,timestamp,subject,body,sentiment,linked_news_title,linked_event_date,is_complaint,complaint_category,resolution_status,resolution_notes
COMM-202005-000001,ACC0007257,IND19002485,branch_visit,inbound,08/05/2020 14:30,Why did my debit order fail?,"My debit order did not go through and I need to know whether it was insufficient funds, a retry problem or a bank processing issue. The account should not be charged twice.",negative,,,True,staff_behavior,resolved,Branch manager to contact customer and review service notes.
COMM-202005-000012,ACC0003362,IND19014898,phone_call,inbound,30/05/2020 12:51,Home Loan rate increase question,I am worried my home loan instalment may change. Please confirm whether my repayment will be repriced and from which date. I saw the article 'Retail banks sharpen arrears analytics as payment stress persists' and wanted to check how it affects my account.,negative,Retail banks sharpen arrears analytics as payment stress persists,,True,fee_dispute,resolved,Fee query logged; customer will receive a reversal decision after statement review.
COMM-202005-000018,ACC0007987,IND19014897,phone_call,inbound,23/05/2020 16:31,Home Loan rate increase question,I am worried my home loan instalment may change. Please confirm whether my repayment will be repriced and from which date. I saw the article 'Operational resilience returns to the agenda after payment interruptions' and wanted to check how it affects my account.,negative,Operational resilience returns to the agenda after payment interruptions,,True,service_delay,open,Service timeline reviewed and customer updated on next action.
COMM-202005-000021,ACC0016652,IND19003737,phone_call,inbound,13/05/2020 09:51,Why did my debit order fail?,"My debit order did not go through and I need to know whether it was insufficient funds, a retry problem or a bank processing issue. The account should not be charged twice.",negative,,,True,failed_transaction,resolved,"Payment operations checking debit-order status, retry timing and available balance."
COMM-202005-000023,ACC0016196,IND19007874,app_message,inbound,2020-05-15T08:48:51+02:00,Why did my debit order fail?,"My debit order did not go through and I need to know whether it was insufficient funds, a retry problem or a bank processing issue. The account should not be charged twice.",negative,,,True,service_delay,resolved,Service timeline reviewed and customer updated on next action.
COMM-202005-000028,ACC0009145,IND19016906,branch_visit,inbound,25/05/2020 14:45,Branch appointment request,I would like to book time at the branch to sort out my account and get printed documents for my records.,negative,,,True,other,resolved,Customer care team reviewing the account history.
COMM-202005-000029,ACC0017968,IND19002083,branch_visit,inbound,18/05/2020 13:20,Complaint about service,The service delay is frustrating. I have followed up more than once and still do not have a proper answer.,negative,,,True,other,open,Customer care team reviewing the account history.
COMM-202005-000030,ACC0014233,IND19011996,phone_call,inbound,24/05/2020 13:45,Why did my debit order fail?,"My debit order did not go through and I need to know whether it was insufficient funds, a retry problem or a bank processing issue. The account should not be charged twice.",negative,,,True,fee_dispute,resolved,Fee query logged; customer will receive a reversal decision after statement review.
COMM-202005-000032,ACC0016660,IND19007917,branch_visit,inbound,10/05/2020 15:10,Cash deposit issue,I made a cash deposit but the amount is not showing correctly. Please investigate the branch or ATM record.,negative,,,True,failed_transaction,resolved,"Payment operations checking debit-order status, retry timing and available balance."
COMM-202005-000033,ACC0014734,IND19006261,app_message,inbound,2020-05-17T10:16:30+02:00,Why did my debit order fail?,"My debit order did not go through and I need to know whether it was insufficient funds, a retry problem or a bank processing issue. The account should not be charged twice.",negative,,,True,failed_transaction,resolved,"Payment operations checking debit-order status, retry timing and available balance."
COMM-202005-000034,ACC0018269,IND19005231,phone_call,inbound,07/05/2020 07:09,Branch appointment request,I would like to book time at the branch to sort out my account and get printed documents for my records.,negative,,,True,service_delay,resolved,Service timeline reviewed and customer updated on next action.
COMM-202005-000036,ACC0009780,IND19017567,app_message,inbound,2020-05-05T07:51:59+02:00,Transfer not reflecting,I made a transfer and it is still not reflecting. Please check whether the payment is delayed in your system.,negative,,,True,service_delay,resolved,Service timeline reviewed and customer updated on next action.
COMM-202005-000039,ACC0012415,IND19001636,phone_call,inbound,01/05/2020 15:52,Why did my debit order fail?,"My debit order did not go through and I need to know whether it was insufficient funds, a retry problem or a bank processing issue. The account should not be charged twice.",negative,,,True,fraud_concern,open,Card monitoring case opened and customer advised on dispute documents.
COMM-202005-000040,ACC0018266,IND19011021,branch_visit,inbound,20/05/2020 09:50,Why did my debit order fail?,"My debit order did not go through and I need to know whether it was insufficient funds, a retry problem or a bank processing issue. The account should not be charged twice.",negative,,,True,statement_error,resolved,Statement extract queued for reconciliation review.
COMM-202005-000042,ACC0012602,IND19006076,app_message,inbound,2020-05-25T15:37:47+02:00,Home Loan rate increase question,I am worried my home loan instalment may change. Please confirm whether my repayment will be repriced and from which date. I saw the article 'Banking analytics agenda: five signals to watch this month' and wanted to check how it affects my account.,negative,Banking analytics agenda: five signals to watch this month,,True,fee_dispute,open,Fee query logged; customer will receive a reversal decision after statement review.
COMM-202005-000046,ACC0011719,IND19005915,phone_call,inbound,12/05/2020 15:26,Unauthorised bank charge enquiry,Please explain the latest bank charge on my statement. I cannot see why this fee was taken and I want it reversed if it was incorrect.,negative,,,True,fee_dispute,resolved,Fee query logged; customer will receive a reversal decision after statement review.
COMM-202005-000047,ACC0003873,IND19001959,phone_call,inbound,29/05/2020 12:04,Branch appointment request,I would like to book time at the branch to sort out my account and get printed documents for my records.,negative,,,True,statement_error,resolved,Statement extract queued for reconciliation review.
COMM-202005-000050,ACC0010328,IND19008589,branch_visit,inbound,03/05/2020 09:15,Why did my debit order fail?,"My debit order did not go through and I need to know whether it was insufficient funds, a retry problem or a bank processing issue. The account should not be charged twice.",negative,,,True,statement_error,escalted,Statement extract queued for reconciliation review.
COMM-202005-000053,ACC0006992,COM19000195,phone_call,inbound,22/05/2020 10:56,Home Loan rate increase question,I am worried my home loan instalment may change. Please confirm whether my repayment will be repriced and from which date.,negative,,,True,fee_dispute,open,Fee query logged; customer will receive a reversal decision after statement review.
COMM-202005-000054,ACC0015101,IND19008786,app_message,inbound,2020-05-02T10:45:30+02:00,Transfer not reflecting,I made a transfer and it is still not reflecting. Please check whether the payment is delayed in your system.,negative,,,True,digital_issue,resolved,Digital support case created with device and login details.
COMM-202005-000058,ACC0002778,IND19013008,app_message,inbound,2020-05-01T18:08:23+02:00,Why did my debit order fail?,"My debit order did not go through and I need to know whether it was insufficient funds, a retry problem or a bank processing issue. The account should not be charged twice.",negative,,,True,failed_transaction,open,"Payment operations checking debit-order status, retry timing and available balance."
COMM-202005-000070,ACC0017864,IND19000254,app_message,inbound,2020-05-08T14:34:08+02:00,Unauthorised bank charge enquiry,Please explain the latest bank charge on my statement. I cannot see why this fee was taken and I want it reversed if it was incorrect.,negative,,,True,statement_error,resolved,Statement extract queued for reconciliation review.
COMM-202005-000071,ACC0004663,IND19018024,app_message,inbound,2020-05-23T10:01:20+02:00,Unauthorised bank charge enquiry,Please explain the latest bank charge on my statement. I cannot see why this fee was taken and I want it reversed if it was incorrect.,negative,,,True,fee_dispute,resolved,Fee query logged; customer will receive a reversal decision after statement review.
COMM-202005-000073,ACC0013646,IND19009529,phone_call,inbound,31/05/2020 14:50,Why did my debit order fail?,"My debit order did not go through and I need to know whether it was insufficient funds, a retry problem or a bank processing issue. The account should not be charged twice.",negative,,,True,digital_issue,resolved,Digital support case created with device and login details.
COMM-202005-000075,ACC0017156,IND19011186,branch_visit,inbound,25/05/2020 09:45,Home Loan rate increase question,I am worried my home loan instalment may change. Please confirm whether my repayment will be repriced and from which date. I saw the article 'Operational resilience returns to the agenda after payment interruptions' and wanted to check how it affects my account.,negative,Operational resilience returns to the agenda after payment interruptions,,True,failed_transaction,escalted,"Payment operations checking debit-order status, retry timing and available balance."
COMM-202005-000083,ACC0002088,IND19007131,phone_call,inbound,30/05/2020 10:48,Home Loan rate increase question,I am worried my home loan instalment may change. Please confirm whether my repayment will be repriced and from which date. I saw the article 'Digital channels reshape banking workloads as customer growth continues' and wanted to check how it affects my account.,negative,Digital channels reshape banking workloads as customer growth continues,,True,fee_dispute,resolved,Fee query logged; customer will receive a reversal decision after statement review.
COMM-202005-000084,ACC0006804,IND19001507,app_message,inbound,2020-05-31T15:25:25+02:00,Home Loan rate increase question,I am worried my home loan instalment may change. Please confirm whether my repayment will be repriced and from which date. I saw the article 'Banking analytics agenda: five signals to watch this month' and wanted to check how it affects my account.,negative,Banking analytics agenda: five signals to watch this month,,True,fee_dispute,resolved,Fee query logged; customer will receive a reversal decision after statement review.
COMM-202005-000085,ACC0012648,IND19017587,branch_visit,inbound,23/05/2020 13:10,Cash deposit issue,I made a cash deposit but the amount is not showing correctly. Please investigate the branch or ATM record.,negative,,,True,fraud_concern,open,Card monitoring case opened and customer advised on dispute documents.
COMM-202005-000086,ACC0012332,IND19006771,branch_visit,inbound,12/05/2020 15:10,Complaint about service,The service delay is frustrating. I have followed up more than once and still do not have a proper answer.,negative,,,True,digital_issue,resolved,Digital support case created with device and login details.
COMM-202005-000087,ACC0006913,IND19010893,branch_visit,inbound,09/05/2020 13:10,Why did my debit order fail?,"My debit order did not go through and I need to know whether it was insufficient funds, a retry problem or a bank processing issue. The account should not be charged twice.",negative,,,True,staff_behavior,resolved,Branch manager to contact customer and review service notes.
COMM-202005-000091,ACC0016264,IND19019281,branch_visit,inbound,26/05/2020 13:05,Home Loan rate increase question,I am worried my home loan instalment may change. Please confirm whether my repayment will be repriced and from which date. I saw the article 'Operational resilience returns to the agenda after payment interruptions' and wanted to check how it affects my account.,negative,Operational resilience returns to the agenda after payment interruptions,,True,service_delay,resolved,Service timeline reviewed and customer updated on next action.
COMM-202005-000095,ACC0017103,IND19013233,phone_call,inbound,08/05/2020 14:43,Why did my debit order fail?,"My debit order did not go through and I need to know whether it was insufficient funds, a retry problem or a bank processing issue. The account should not be charged twice.",negative,,,True,service_delay,open,Service timeline reviewed and customer updated on next action.
COMM-202005-000096,ACC0004333,IND19009236,branch_visit,inbound,28/05/2020 15:50,Why did my debit order fail?,"My debit order did not go through and I need to know whether it was insufficient funds, a retry problem or a bank processing issue. The account should not be charged twice.",negative,,,True,staff_behavior,resolved,Branch manager to contact customer and review service notes.
COMM-202005-000097,ACC0013959,IND19010654,app_message,inbound,2020-05-14T20:03:03+02:00,Unauthorised bank charge enquiry,Please explain the latest bank charge on my statement. I cannot see why this fee was taken and I want it reversed if it was incorrect.,negative,,,True,statement_error,resolved,Statement extract queued for reconciliation review.
COMM-202005-000100,ACC0004856,IND19002897,app_message,inbound,2020-05-10T13:22:55+02:00,Balance check,Please confirm my available balance and whether any debit orders are still pending.,negative,,,True,failed_transaction,escalted,"Payment operations checking debit-order status, retry timing and available balance."
COMM-202005-000101,ACC0013228,IND19006101,app_message,inbound,2020-05-24T18:41:00+02:00,Home Loan rate increase question,I am worried my home loan instalment may change. Please confirm whether my repayment will be repriced and from which date. I saw the article 'Statement delays add noise to month-end finance controls' and wanted to check how it affects my account.,negative,Statement delays add noise to month-end finance controls,,True,fee_dispute,resolved,Fee query logged; customer will receive a reversal decision after statement review.
COMM-202005-000102,ACC0006897,IND19008709,phone_call,inbound,02/05/2020 15:52,Why did my debit order fail?,"My debit order did not go through and I need to know whether it was insufficient funds, a retry problem or a bank processing issue. The account should not be charged twice.",negative,,,True,fee_dispute,resolved,Fee query logged; customer will receive a reversal decision after statement review.
COMM-202005-000103,ACC0010374,IND19014496,phone_call,inbound,28/05/2020 11:57,Why did my debit order fail?,"My debit order did not go through and I need to know whether it was insufficient funds, a retry problem or a bank processing issue. The account should not be charged twice.",negative,,,True,fraud_concern,resolved,Card monitoring case opened and customer advised on dispute documents.
COMM-202005-000108,ACC0004732,IND19004385,branch_visit,inbound,05/05/2020 10:20,Statement copy request,Please send me a copy of my latest statement and confirm the closing balance used for the month-end calculation.,negative,,,True,statement_error,open,Statement extract queued for reconciliation review.
COMM-202005-000111,ACC0008158,IND19010986,app_message,inbound,2020-05-25T21:21:49+02:00,Balance check,Please confirm my available balance and whether any debit orders are still pending.,negative,,,True,digital_issue,open,Digital support case created with device and login details.
COMM-202005-000113,ACC0009216,IND19015579,branch_visit,inbound,26/05/2020 13:10,Card blocked at ATM,My card was blocked at the ATM and I need access restored or a replacement card arranged. I have an urgent payment to make.,negative,,,True,service_delay,resolved,Service timeline reviewed and customer updated on next action.
COMM-202005-000114,ACC0007703,IND19008542,phone_call,inbound,09/05/2020 18:03,Why did my debit order fail?,"My debit order did not go through and I need to know whether it was insufficient funds, a retry problem or a bank processing issue. The account should not be charged twice.",negative,,,True,fee_dispute,escalted,Fee query logged; customer will receive a reversal decision after statement review.
COMM-202005-000116,ACC0016264,IND19019281,branch_visit,inbound,25/05/2020 11:50,Card blocked at ATM,My card was blocked at the ATM and I need access restored or a replacement card arranged. I have an urgent payment to make.,negative,,,True,other,open,Customer care team reviewing the account history.
COMM-202005-000118,ACC0012602,IND19006076,app_message,inbound,2020-05-23T15:01:16+02:00,Home Loan rate increase question,I am worried my home loan instalment may change. Please confirm whether my repayment will be repriced and from which date. I saw the article 'Retail banks sharpen arrears analytics as payment stress persists' and wanted to check how it affects my account.,negative,Retail banks sharpen arrears analytics as payment stress persists,,True,service_delay,open,Service timeline reviewed and customer updated on next action.
COMM-202005-000119,ACC0008068,IND19006737,phone_call,inbound,24/05/2020 09:21,Home Loan rate increase question,I am worried my home loan instalment may change. Please confirm whether my repayment will be repriced and from which date.,negative,,,True,fee_dispute,resolved,Fee query logged; customer will receive a reversal decision after statement review.
COMM-202005-000120,ACC0000695,IND19002767,phone_call,inbound,21/05/2020 18:26,Why did my debit order fail?,"My debit order did not go through and I need to know whether it was insufficient funds, a retry problem or a bank processing issue. The account should not be charged twice.",negative,,,True,failed_transaction,resolved,"Payment operations checking debit-order status, retry timing and available balance."
COMM-202005-000122,ACC0008713,IND19006436,phone_call,inbound,29/05/2020 16:43,Home Loan rate increase question,I am worried my home loan instalment may change. Please confirm whether my repayment will be repriced and from which date. I saw the article 'Statement delays add noise to month-end finance controls' and wanted to check how it affects my account.,negative,Statement delays add noise to month-end finance controls,,True,service_delay,resolved,Service timeline reviewed and customer updated on next action.
COMM-202005-000129,ACC0007110,IND19001533,branch_visit,inbound,07/05/2020 15:50,Cash deposit issue,I made a cash deposit but the amount is not showing correctly. Please investigate the branch or ATM record.,negative,,,True,other,escalted,Customer care team reviewing the account history.
COMM-202005-000131,ACC0012303,IND19009010,app_message,inbound,2020-05-31T17:46:55+02:00,Transfer not reflecting,I made a transfer and it is still not reflecting. Please check whether the payment is delayed in your system.,negative,,,True,failed_transaction,resolved,"Payment operations checking debit-order status, retry timing and available balance."
COMM-202005-000133,ACC0013511,IND19013517,branch_visit,inbound,31/05/2020 14:10,Home Loan rate increase question,I am worried my home loan instalment may change. Please confirm whether my repayment will be repriced and from which date. I saw the article 'Statement delays add noise to month-end finance controls' and wanted to check how it affects my account.,negative,Statement delays add noise to month-end finance controls,,True,failed_transaction,open,"Payment operations checking debit-order status, retry timing and available balance."
COMM-202005-000140,ACC0002771,IND19011631,phone_call,inbound,27/05/2020 17:32,Home Loan rate increase question,I am worried my home loan instalment may change. Please confirm whether my repayment will be repriced and from which date.,negative,,,True,fee_dispute,resolved,Fee query logged; customer will receive a reversal decision after statement review.
COMM-202005-000141,ACC0008779,IND19018337,app_message,inbound,2020-05-27T19:39:12+02:00,Home Loan rate increase question,I am worried my home loan instalment may change. Please confirm whether my repayment will be repriced and from which date. I saw the article 'Retail banks sharpen arrears analytics as payment stress persists' and wanted to check how it affects my account.,negative,Retail banks sharpen arrears analytics as payment stress persists,,True,failed_transaction,open,"Payment operations checking debit-order status, retry timing and available balance."
COMM-202005-000144,ACC0003234,IND19003150,branch_visit,inbound,07/05/2020 12:45,Why did my debit order fail?,"My debit order did not go through and I need to know whether it was insufficient funds, a retry problem or a bank processing issue. The account should not be charged twice.",negative,,,True,service_delay,open,Service timeline reviewed and customer updated on next action.
COMM-202005-000145,ACC0005356,IND19021669,branch_visit,inbound,03/05/2020 11:20,Why did my debit order fail?,"My debit order did not go through and I need to know whether it was insufficient funds, a retry problem or a bank processing issue. The account should not be charged twice.",negative,,,True,digital_issue,escalted,Digital support case created with device and login details.
COMM-202005-000146,ACC0008119,IND19007986,phone_call,inbound,13/05/2020 08:59,Home Loan rate increase question,I am worried my home loan instalment may change. Please confirm whether my repayment will be repriced and from which date. I saw the article 'Banks watch debit-order strain as households adjust spending' and wanted to check how it affects my account.,negative,Banks watch debit-order strain as households adjust spending,,True,service_delay,resolved,Service timeline reviewed and customer updated on next action.
COMM-202005-000147,ACC0016320,IND19018963,app_message,inbound,2020-05-01T12:53:06+02:00,Digital wallet setup help,I need help setting up the digital wallet and linking it to the right account. The app keeps asking me to try again later.,negative,,,True,service_delay,resolved,Service timeline reviewed and customer updated on next action.
COMM-202005-000149,ACC0000695,IND19002767,branch_visit,inbound,27/05/2020 09:15,Home Loan rate increase question,I am worried my home loan instalment may change. Please confirm whether my repayment will be repriced and from which date. I saw the article 'Banks watch debit-order strain as households adjust spending' and wanted to check how it affects my account.,negative,Banks watch debit-order strain as households adjust spending,,True,failed_transaction,resolved,"Payment operations checking debit-order status, retry timing and available balance."
COMM-202005-000151,ACC0002548,IND19009203,branch_visit,inbound,16/05/2020 09:20,Home Loan rate increase question,I am worried my home loan instalment may change. Please confirm whether my repayment will be repriced and from which date. I saw the article 'Statement delays add noise to month-end finance controls' and wanted to check how it affects my account.,negative,Statement delays add noise to month-end finance controls,,True,service_delay,resolved,Service timeline reviewed and customer updated on next action.
COMM-202005-000154,ACC0011666,IND19010630,phone_call,inbound,21/05/2020 09:35,Unauthorised bank charge enquiry,Please explain the latest bank charge on my statement. I cannot see why this fee was taken and I want it reversed if it was incorrect.,negative,,,True,fee_dispute,resolved,Fee query logged; customer will receive a reversal decision after statement review.
COMM-202005-000155,ACC0013477,IND19012180,app_message,inbound,2020-05-22T12:26:04+02:00,Home Loan rate increase question,I am worried my home loan instalment may change. Please confirm whether my repayment will be repriced and from which date. I saw the article 'Retail banks sharpen arrears analytics as payment stress persists' and wanted to check how it affects my account.,negative,Retail banks sharpen arrears analytics as payment stress persists,,True,failed_transaction,resolved,"Payment operations checking debit-order status, retry timing and available balance."
COMM-202005-000160,ACC0017049,IND19001097,app_message,inbound,2020-05-23T06:01:38+02:00,Unauthorised bank charge enquiry,Please explain the latest bank charge on my statement. I cannot see why this fee was taken and I want it reversed if it was incorrect.,negative,,,True,fee_dispute,resolved,Fee query logged; customer will receive a reversal decision after statement review.
COMM-202005-000162,ACC0000520,IND19009308,app_message,inbound,2020-05-28T17:14:02+02:00,Digital wallet setup help,I need help setting up the digital wallet and linking it to the right account. The app keeps asking me to try again later.,negative,,,True,digital_issue,resolved,Digital support case created with device and login details.
COMM-202005-000164,ACC0006123,IND19005105,branch_visit,inbound,11/05/2020 09:50,Cash deposit issue,I made a cash deposit but the amount is not showing correctly. Please investigate the branch or ATM record.,negative,,,True,incorrect_charge,resolved,Charge sent to finance controls for validation against tariff table.
COMM-202005-000165,ACC0001696,IND19002701,phone_call,inbound,25/05/2020 18:23,Why did my debit order fail?,"My debit order did not go through and I need to know whether it was insufficient funds, a retry problem or a bank processing issue. The account should not be charged twice.",negative,,,True,failed_transaction,resolved,"Payment operations checking debit-order status, retry timing and available balance."
COMM-202005-000167,ACC0016704,IND19017422,phone_call,inbound,31/05/2020 08:07,Home Loan rate increase question,I am worried my home loan instalment may change. Please confirm whether my repayment will be repriced and from which date.,negative,,,True,failed_transaction,open,"Payment operations checking debit-order status, retry timing and available balance."
COMM-202005-000168,ACC0017571,IND19014161,app_message,inbound,2020-05-14T11:22:35+02:00,Why did my debit order fail?,"My debit order did not go through and I need to know whether it was insufficient funds, a retry problem or a bank processing issue. The account should not be charged twice.",negative,,,True,digital_issue,resolved,Digital support case created with device and login details.
COMM-202005-000172,ACC0013538,IND19005305,branch_visit,inbound,03/05/2020 12:30,Statement copy request,Please send me a copy of my latest statement and confirm the closing balance used for the month-end calculation.,negative,,,True,statement_error,resolved,Statement extract queued for reconciliation review.
COMM-202005-000174,ACC0017450,IND19002178,branch_visit,inbound,03/05/2020 08:05,Statement copy request,Please send me a copy of my latest statement and confirm the closing balance used for the month-end calculation.,negative,,,True,digital_issue,open,Digital support case created with device and login details.
COMM-202005-000178,ACC0014223,IND19015574,phone_call,inbound,31/05/2020 17:47,Home Loan rate increase question,I am worried my home loan instalment may change. Please confirm whether my repayment will be repriced and from which date. I saw the article 'Retail banks sharpen arrears analytics as payment stress persists' and wanted to check how it affects my account.,negative,Retail banks sharpen arrears analytics as payment stress persists,,True,fee_dispute,escalted,Fee query logged; customer will receive a reversal decision after statement review.
COMM-202005-000185,ACC0015547,IND19001437,branch_visit,inbound,27/05/2020 12:20,Why did my debit order fail?,"My debit order did not go through and I need to know whether it was insufficient funds, a retry problem or a bank processing issue. The account should not be charged twice.",negative,,,True,incorrect_charge,resolved,Charge sent to finance controls for validation against tariff table.
COMM-202005-000187,ACC0015101,IND19008786,phone_call,inbound,06/05/2020 13:26,Card blocked at ATM,My card was blocked at the ATM and I need access restored or a replacement card arranged. I have an urgent payment to make.,negative,,,True,fraud_concern,resolved,Card monitoring case opened and customer advised on dispute documents.
COMM-202005-000189,ACC0005099,IND19008121,branch_visit,inbound,18/05/2020 14:50,Home Loan rate increase question,I am worried my home loan instalment may change. Please confirm whether my repayment will be repriced and from which date. I saw the article 'Retail banks sharpen arrears analytics as payment stress persists' and wanted to check how it affects my account.,negative,Retail banks sharpen arrears analytics as payment stress persists,,True,service_delay,open,Service timeline reviewed and customer updated on next action.
COMM-202005-000190,ACC0016264,IND19019281,branch_visit,inbound,03/05/2020 11:10,Card blocked at ATM,My card was blocked at the ATM and I need access restored or a replacement card arranged. I have an urgent payment to make.,negative,,,True,digital_issue,resolved,Digital support case created with device and login details.
COMM-202005-000191,ACC0000938,IND19013886,phone_call,inbound,21/05/2020 18:07,Unauthorised bank charge enquiry,Please explain the latest bank charge on my statement. I cannot see why this fee was taken and I want it reversed if it was incorrect.,negative,,,True,fee_dispute,resolved,Fee query logged; customer will receive a reversal decision after statement review.
COMM-202005-000200,ACC0010719,IND19011255,app_message,inbound,2020-05-01T07:17:55+02:00,Transfer not reflecting,I made a transfer and it is still not reflecting. Please check whether the payment is delayed in your system.,negative,,,True,failed_transaction,resolved,"Payment operations checking debit-order status, retry timing and available balance."
COMM-202005-000202,ACC0015959,IND19015485,phone_call,inbound,22/05/2020 07:23,Why did my debit order fail?,"Eish, My debit order did not go through and I need to know whether it was insufficient funds, a retry problem or a bank processing issue. The account should not be charged twice.",negative,,,True,statement_error,resolved,Statement extract queued for reconciliation review.
COMM-202005-000204,ACC0017151,IND19019885,branch_visit,inbound,20/05/2020 13:30,Cash deposit issue,I made a cash deposit but the amount is not showing correctly. Please investigate the branch or ATM record.,negative,,,True,fraud_concern,open,Card monitoring case opened and customer advised on dispute documents.
COMM-202005-000210,ACC0014892,IND19000611,phone_call,inbound,23/05/2020 11:25,Why did my debit order fail?,"My debit order did not go through and I need to know whether it was insufficient funds, a retry problem or a bank processing issue. The account should not be charged twice.",negative,,,True,other,resolved,Customer care team reviewing the account history.
COMM-202005-000211,ACC0012713,IND19011304,app_message,inbound,2020-05-14T21:08:59+02:00,Home Loan rate increase question,I am worried my home loan instalment may change. Please confirm whether my repayment will be repriced and from which date. I saw the article 'Retail banks sharpen arrears analytics as payment stress persists' and wanted to check how it affects my account.,negative,Retail banks sharpen arrears analytics as payment stress persists,,True,service_delay,resolved,Service timeline reviewed and customer updated on next action.
COMM-202005-000213,ACC0000500,IND19005407,branch_visit,inbound,27/05/2020 12:45,Home Loan rate increase question,I am worried my home loan instalment may change. Please confirm whether my repayment will be repriced and from which date. I saw the article 'Banking analytics agenda: five signals to watch this month' and wanted to check how it affects my account.,negative,Banking analytics agenda: five signals to watch this month,,True,failed_transaction,escalted,"Payment operations checking debit-order status, retry timing and available balance."
COMM-202005-000214,ACC0017858,IND19013271,branch_visit,inbound,13/05/2020 10:10,Why did my debit order fail?,"My debit order did not go through and I need to know whether it was insufficient funds, a retry problem or a bank processing issue. The account should not be charged twice.",negative,,,True,staff_behavior,open,Branch manager to contact customer and review service notes.
COMM-202005-000217,ACC0014753,IND19004483,app_message,inbound,2020-05-23T15:26:31+02:00,Home Loan rate increase question,I am worried my home loan instalment may change. Please confirm whether my repayment will be repriced and from which date. I saw the article 'Banks watch debit-order strain as households adjust spending' and wanted to check how it affects my account.,negative,Banks watch debit-order strain as households adjust spending,,True,service_delay,resolved,Service timeline reviewed and customer updated on next action.
COMM-202005-000218,ACC0017968,IND19002083,branch_visit,inbound,13/05/2020 08:10,Cash deposit issue,I made a cash deposit but the amount is not showing correctly. Please investigate the branch or ATM record.,negative,,,True,other,resolved,Customer care team reviewing the account history.
COMM-202005-000220,ACC0006439,IND19010454,phone_call,inbound,15/05/2020 17:06,Why did my debit order fail?,"My debit order did not go through and I need to know whether it was insufficient funds, a retry problem or a bank processing issue. The account should not be charged twice.",negative,,,True,other,resolved,Customer care team reviewing the account history.
COMM-202005-000223,ACC0000964,IND19014388,app_message,inbound,2020-05-11T15:28:00+02:00,Why did my debit order fail?,"My debit order did not go through and I need to know whether it was insufficient funds, a retry problem or a bank processing issue. The account should not be charged twice.",negative,,,True,failed_transaction,open,"Payment operations checking debit-order status, retry timing and available balance."
COMM-202005-000229,ACC0016095,IND19008630,app_message,inbound,2020-05-25T15:53:58+02:00,Why did my debit order fail?,"My debit order did not go through and I need to know whether it was insufficient funds, a retry problem or a bank processing issue. The account should not be charged twice.",negative,,,True,digital_issue,resolved,Digital support case created with device and login details.
COMM-202005-000232,ACC0002842,IND19014493,app_message,inbound,2020-05-27T02:30:07+02:00,Home Loan rate increase question,I am worried my home loan instalment may change. Please confirm whether my repayment will be repriced and from which date. I saw the article 'Conduct teams press for clearer evidence on fees and failed payments' and wanted to check how it affects my account.,negative,Conduct teams press for clearer evidence on fees and failed payments,,True,fee_dispute,open,Fee query logged; customer will receive a reversal decision after statement review.
COMM-202005-000233,ACC0013095,IND19016086,app_message,inbound,2020-05-25T19:47:00+02:00,Digital wallet setup help,I need help setting up the digital wallet and linking it to the right account. The app keeps asking me to try again later.,negative,,,True,service_delay,resolved,Service timeline reviewed and customer updated on next action.
COMM-202005-000238,ACC0006131,IND19010064,phone_call,inbound,02/05/2020 07:15,Why did my debit order fail?,"My debit order did not go through and I need to know whether it was insufficient funds, a retry problem or a bank processing issue. The account should not be charged twice.",negative,,,True,fee_dispute,open,Fee query logged; customer will receive a reversal decision after statement review.
COMM-202005-000241,ACC0016059,IND19021104,branch_visit,inbound,27/05/2020 11:30,Why did my debit order fail?,"My debit order did not go through and I need to know whether it was insufficient funds, a retry problem or a bank processing issue. The account should not be charged twice.",negative,,,True,failed_transaction,resolved,"Payment operations checking debit-order status, retry timing and available balance."
COMM-202005-000243,ACC0017968,IND19002083,branch_visit,inbound,11/05/2020 09:15,Home Loan rate increase question,I am worried my home loan instalment may change. Please confirm whether my repayment will be repriced and from which date. I saw the article 'Retail banks sharpen arrears analytics as payment stress persists' and wanted to check how it affects my account.,negative,Retail banks sharpen arrears analytics as payment stress persists,,True,fee_dispute,resolved,Fee query logged; customer will receive a reversal decision after statement review.
COMM-202005-000245,ACC0013418,IND19008825,branch_visit,inbound,28/05/2020 14:05,Home Loan rate increase question,I am worried my home loan instalment may change. Please confirm whether my repayment will be repriced and from which date. I saw the article 'Digital channels reshape banking workloads as customer growth continues' and wanted to check how it affects my account.,negative,Digital channels reshape banking workloads as customer growth continues,,True,service_delay,resolved,Service timeline reviewed and customer updated on next action.
COMM-202005-000246,ACC0004799,IND19001595,phone_call,inbound,19/05/2020 12:00,Unauthorised bank charge enquiry,Please explain the latest bank charge on my statement. I cannot see why this fee was taken and I want it reversed if it was incorrect.,negative,,,True,statement_error,resolved,Statement extract queued for reconciliation review.
COMM-202005-000248,ACC0012428,IND19005073,app_message,inbound,2020-05-20T19:20:25+02:00,Why did my debit order fail?,"My debit order did not go through and I need to know whether it was insufficient funds, a retry problem or a bank processing issue. The account should not be charged twice.",negative,,,True,digital_issue,resolved,Digital support case created with device and login details.
COMM-202005-000251,ACC0000544,IND19004718,phone_call,inbound,20/05/2020 17:33,Home Loan rate increase question,I am worried my home loan instalment may change. Please confirm whether my repayment will be repriced and from which date. I saw the article 'Digital channels reshape banking workloads as customer growth continues' and wanted to check how it affects my account.,negative,Digital channels reshape banking workloads as customer growth continues,,True,fee_dispute,resolved,Fee query logged; customer will receive a reversal decision after statement review.
COMM-202005-000252,ACC0017450,IND19002178,branch_visit,inbound,14/05/2020 13:20,Why did my debit order fail?,"My debit order did not go through and I need to know whether it was insufficient funds, a retry problem or a bank processing issue. The account should not be charged twice.",negative,,,True,digital_issue,resolved,Digital support case created with device and login details.
COMM-202005-000253,ACC0007215,IND19007154,app_message,inbound,2020-05-25T10:59:10+02:00,Digital wallet setup help,I need help setting up the digital wallet and linking it to the right account. The app keeps asking me to try again later.,negative,,,True,service_delay,escalted,Service timeline reviewed and customer updated on next action.
COMM-202005-000254,ACC0006210,IND19009400,app_message,inbound,2020-05-22T15:13:57+02:00,Home Loan rate increase question,I am worried my home loan instalment may change. Please confirm whether my repayment will be repriced and from which date. I saw the article 'Digital channels reshape banking workloads as customer growth continues' and wanted to check how it affects my account.,negative,Digital channels reshape banking workloads as customer growth continues,,True,fee_dispute,resolved,Fee query logged; customer will receive a reversal decision after statement review.
COMM-202005-000255,ACC0007987,IND19014897,branch_visit,inbound,25/05/2020 10:45,Statement copy request,Please send me a copy of my latest statement and confirm the closing balance used for the month-end calculation.,negative,,,True,incorrect_charge,escalted,Charge sent to finance controls for validation against tariff table.
COMM-202005-000256,ACC0000938,IND19013886,app_message,inbound,2020-05-01T12:38:16+02:00,Why did my debit order fail?,"My debit order did not go through and I need to know whether it was insufficient funds, a retry problem or a bank processing issue. The account should not be charged twice.",negative,,,True,failed_transaction,resolved,"Payment operations checking debit-order status, retry timing and available balance."
COMM-202005-000257,ACC0008470,IND19006205,app_message,inbound,2020-05-30T09:12:46+02:00,Home Loan rate increase question,I am worried my home loan instalment may change. Please confirm whether my repayment will be repriced and from which date. I saw the article 'Digital channels reshape banking workloads as customer growth continues' and wanted to check how it affects my account.,negative,Digital channels reshape banking workloads as customer growth continues,,True,fee_dispute,open,Fee query logged; customer will receive a reversal decision after statement review.
COMM-202005-000258,ACC0000145,IND19010296,phone_call,inbound,19/05/2020 10:02,Home Loan rate increase question,I am worried my home loan instalment may change. Please confirm whether my repayment will be repriced and from which date. I saw the article 'Digital channels reshape banking workloads as customer growth continues' and wanted to check how it affects my account.,negative,Digital channels reshape banking workloads as customer growth continues,,True,failed_transaction,resolved,"Payment operations checking debit-order status, retry timing and available balance."
COMM-202005-000260,ACC0003417,IND19015398,app_message,inbound,2020-05-18T18:29:16+02:00,Balance check,Please confirm my available balance and whether any debit orders are still pending.,negative,,,True,service_delay,resolved,Service timeline reviewed and customer updated on next action.
COMM-202005-000262,ACC0002716,IND19017246,app_message,inbound,2020-05-24T14:28:00+02:00,App login problem,The app is not behaving properly and I cannot complete what should be a simple transaction. Please check whether there is an issue on my profile.,negative,,,True,service_delay,resolved,Service timeline reviewed and customer updated on next action.
COMM-202005-000267,ACC0005331,IND19003950,phone_call,inbound,11/05/2020 14:23,Why did my debit order fail?,"My debit order did not go through and I need to know whether it was insufficient funds, a retry problem or a bank processing issue. The account should not be charged twice.",negative,,,True,incorrect_charge,resolved,Charge sent to finance controls for validation against tariff table.
COMM-202005-000274,ACC0016257,IND19002620,app_message,inbound,2020-05-22T17:46:37+02:00,Why did my debit order fail?,"My debit order did not go through and I need to know whether it was insufficient funds, a retry problem or a bank processing issue. The account should not be charged twice.",negative,,,True,service_delay,resolved,Service timeline reviewed and customer updated on next action.
COMM-202005-000275,ACC0015555,IND19009723,phone_call,inbound,09/05/2020 13:37,Home Loan rate increase question,"Eish, I am worried my home loan instalment may change. Please confirm whether my repayment will be repriced and from which date. I saw the article 'Statement delays add noise to month-end finance controls' and wanted to check how it affects my account.",negative,Statement delays add noise to month-end finance controls,,True,failed_transaction,resolved,"Payment operations checking debit-order status, retry timing and available balance."
COMM-202005-000276,ACC0014053,IND19014350,phone_call,inbound,04/05/2020 12:00,Unauthorised bank charge enquiry,Please explain the latest bank charge on my statement. I cannot see why this fee was taken and I want it reversed if it was incorrect.,negative,,,True,statement_error,resolved,Statement extract queued for reconciliation review.
COMM-202005-000278,ACC0000234,IND19015431,phone_call,inbound,17/05/2020 16:48,Branch appointment request,I would like to book time at the branch to sort out my account and get printed documents for my records.,negative,,,True,other,open,Customer care team reviewing the account history.
COMM-202005-000280,ACC0009926,IND19008368,app_message,inbound,2020-05-17T17:26:25+02:00,Transfer not reflecting,I made a transfer and it is still not reflecting. Please check whether the payment is delayed in your system.,negative,,,True,digital_issue,open,Digital support case created with device and login details.
COMM-202005-000281,ACC0010930,IND19003431,phone_call,inbound,28/05/2020 14:59,Branch appointment request,I would like to book time at the branch to sort out my account and get printed documents for my records.,negative,,,True,statement_error,resolved,Statement extract queued for reconciliation review.
COMM-202005-000282,ACC0003795,IND19016035,phone_call,inbound,30/05/2020 10:55,Why did my debit order fail?,"Hi there, My debit order did not go through and I need to know whether it was insufficient funds, a retry problem or a bank processing issue. The account should not be charged twice.",negative,,,True,service_delay,resolved,Service timeline reviewed and customer updated on next action.
COMM-202005-000285,ACC0012713,IND19011304,app_message,inbound,2020-05-22T23:43:17+02:00,Why did my debit order fail?,"My debit order did not go through and I need to know whether it was insufficient funds, a retry problem or a bank processing issue. The account should not be charged twice.",negative,,,True,digital_issue,open,Digital support case created with device and login details.
COMM-202005-000288,ACC0010763,IND19005716,app_message,inbound,2020-05-22T07:19:19+02:00,Why did my debit order fail?,"My debit order did not go through and I need to know whether it was insufficient funds, a retry problem or a bank processing issue. The account should not be charged twice.",negative,,,True,failed_transaction,resolved,"Payment operations checking debit-order status, retry timing and available balance."
COMM-202005-000289,ACC0014798,IND19002178,phone_call,inbound,11/05/2020 12:17,Home Loan rate increase question,I am worried my home loan instalment may change. Please confirm whether my repayment will be repriced and from which date.,negative,,,True,fee_dispute,resolved,Fee query logged; customer will receive a reversal decision after statement review.
COMM-202005-000292,ACC0016613,IND19002306,branch_visit,inbound,04/05/2020 08:10,Cash deposit issue,I made a cash deposit but the amount is not showing correctly. Please investigate the branch or ATM record.,negative,,,True,digital_issue,resolved,Digital support case created with device and login details.
COMM-202005-000304,ACC0014798,IND19002178,app_message,inbound,2020-05-30T16:10:07+02:00,Why did my debit order fail?,"My debit order did not go through and I need to know whether it was insufficient funds, a retry problem or a bank processing issue. The account should not be charged twice.",negative,,,True,service_delay,resolved,Service timeline reviewed and customer updated on next action.
COMM-202005-000318,ACC0016432,IND19018512,app_message,inbound,2020-05-06T17:38:26+02:00,Why did my debit order fail?,"My debit order did not go through and I need to know whether it was insufficient funds, a retry problem or a bank processing issue. The account should not be charged twice.",negative,,,True,failed_transaction,resolved,"Payment operations checking debit-order status, retry timing and available balance."
COMM-202005-000320,ACC0006248,IND19005286,app_message,inbound,2020-05-20T07:28:26+02:00,App login problem,The app is not behaving properly and I cannot complete what should be a simple transaction. Please check whether there is an issue on my profile.,negative,,,True,service_delay,resolved,Service timeline reviewed and customer updated on next action.
COMM-202005-000323,ACC0005302,IND19008558,branch_visit,inbound,26/05/2020 11:15,Why did my debit order fail?,"My debit order did not go through and I need to know whether it was insufficient funds, a retry problem or a bank processing issue. The account should not be charged twice.",negative,,,True,incorrect_charge,resolved,Charge sent to finance controls for validation against tariff table.
COMM-202005-000326,ACC0010788,IND19007228,app_message,inbound,2020-05-06T15:45:29+02:00,Why did my debit order fail?,"My debit order did not go through and I need to know whether it was insufficient funds, a retry problem or a bank processing issue. The account should not be charged twice.",negative,,,True,service_delay,open,Service timeline reviewed and customer updated on next action.
